광역단체,기초단체,영화상영관코드,영화상영관명,총 스크린수,총 좌석수,필름 상영관수,2D 상영관수,3D 상영관수,4D 상영관수,IMAX 상영관수,상설여부,특별관운영여부,가입여부,전송사업자명,개관일,영업상태,운영형태,주소,전화번호,홈페이지
서울시,중구,1163,CGV 명동역 씨네라이브러리,5,694,2,5,2,0,0,상설,,가입,CJ올리브네트웍스(주),2010-08-19,영업,직영,서울특별시 중구 충무로2가 65-9 번지 하이해리엇 10층,1544-1122,http://www.cgv.co.kr
서울시,노원구,1109,롯데시네마 노원,10,1868,0,10,9,1,0,상설,,가입,롯데컬처웍스(주)롯데시네마,2005-11-23,영업,직영,서울특별시 노원구 상계동 713 번지 롯데백화점 10층,1544-8855,http://www.lottecinema.co.kr/
경기도,남양주시,2122,메가박스 남양주,8,1149,0,8,3,0,0,상설,,가입,메가박스(주),2006-07-13,영업,위탁,"경기도 남양주시 호평동 640 번지 메인시네마타워 8,9층",1544-0070,http://www.megabox.co.kr/
충청남도,논산시,5065,메가박스 논산,5,452,0,5,1,0,0,상설,,가입,메가박스(주),2020-09-10,영업,위탁,"충청남도 논산시 내동 382-32 번지 우리메가박스타운 3,4층",02-1544-0070,http://www.megabox.co.kr/
서울시,강남구,1111,CGV 압구정,6,898,3,6,4,0,0,상설,,가입,CJ올리브네트웍스(주),2006-03-30,영업,직영,서울특별시 강남구 신사동 602 번지,1544-1122,http://www.cgv.co.kr
경기도,성남시,2010,CGV 오리,10,1570,1,10,5,0,0,상설,,가입,CJ올리브네트웍스(주),2000-04-01,영업,직영,경기도 성남시 분당구 구미동 159 번지 월드쇼핑 4층,1544-1122,http://www.cgv.co.kr
세종시,연기군,17042,초이자동차극장,1,45,0,1,0,0,0,상설,,가입,문화인,2021-12-15,영업,직영,세종특별자치시 장군면 대교리 514-10 번지 초이자동차극장,044-272-7933,http://choicinema.kr
충청남도,천안시,5053,인디플러스 천안,1,50,0,1,0,0,0,상설,,가입,(주)디트릭스,2016-11-18,영업,직영,충청남도 천안시 동남구 문화동 101-2 번지 천안시 영상미디어센터,041-415-0098,
제주도,제주시,10020,제주자동차극장,1,50,0,1,0,0,0,상설,,가입,문화인,,영업,직영,제주특별자치도 제주시 이호이동 257 번지,,driveinjeju.com
경기도,화성시,2185,CGV 동탄,8,1406,0,8,5,0,0,상설,,가입,CJ올리브네트웍스(주),2010-12-23,영업,직영,경기도 화성시 반송동 96 번지 메타폴리스 A블럭 3층,1544-1122,http://www.cgv.co.kr
경기도,용인시,2241,한국민속촌 자동차극장,2,230,0,2,0,0,0,상설,,가입,(주)디트릭스,2018-02-08,영업,직영,경기도 용인시 기흥구 보라동 308 번지 한국민속촌 자동차극장,031-288-0000,https://www.koreanfolk.co.kr
서울시,구로구,1017,CGV 구로,8,1232,1,10,6,0,0,상설,,가입,CJ올리브네트웍스(주),2002-01-25,영업,직영,서울특별시 구로구 구로동 573 번지 NC신구로점 6층,1544-1122,http://www.cgv.co.kr
서울시,양천구,1112,메가박스 목동,9,1584,0,9,2,0,0,상설,,가입,메가박스(주),2006-04-27,영업,직영,서울특별시 양천구 목동 917-6 번지 행복한백화점 6층 메가박스 목동지점,1544-0070,http://www.megabox.co.kr/
서울시,동작구,1290,롯데시네마 신대방,6,533,0,6,1,0,0,상설,,가입,롯데컬처웍스(주)롯데시네마,2022-07-29,영업,직영,서울특별시 동작구 신대방동 686-48 번지 B2F 롯데시네마 신대방,02-1544-8855,http://www.lottecinema.co.kr
경기도,시흥시,2182,롯데시네마 시화,8,524,0,8,2,0,0,상설,,가입,롯데컬처웍스(주)롯데시네마,2011-11-06,영업,위탁,경기도 시흥시 정왕동 2327-2 번지,1544-8855,http://www.lottecinema.co.kr/
충청북도,괴산군,4042,괴산자연드림파크 괴산극장,3,234,0,3,1,0,0,상설,,가입,(주)유유코리아,2018-11-01,영업,직영,충청북도 괴산군 칠성면 율원리 4-7 번지,043-760-4303,
경기도,부천시,2045,CGV 부천역,8,1119,0,8,1,0,0,상설,,가입,CJ올리브네트웍스(주),2014-06-05,영업,직영,경기도 부천시 원미구 심곡동 383-1 번지 심곡동 시네마존 6층~8층,1544-1122,http://www.cgv.co.kr
인천시,남동구,15005,CGV 인천,14,2788,0,14,8,1,1,상설,,가입,CJ올리브네트웍스(주),1999-12-18,영업,직영,인천광역시 남동구 구월동 1130 번지 씨앤씨빌딩 4층,1544-1122,http://www.cgv.co.kr
강원도,원주시,3024,롯데시네마 남원주,7,687,0,7,3,0,0,상설,,가입,롯데컬처웍스(주)롯데시네마,2005-10-28,영업,위탁,"강원도 원주시 단구동 1511-2 번지 스타월드 5,6층",1544-8855,http://www.lottecinema.co.kr/
충청남도,천안시,5064,CGV 천안터미널,13,2548,0,13,4,1,0,상설,,가입,CJ올리브네트웍스(주),2019-02-27,영업,직영,충청남도 천안시 동남구 신부동 363-2 번지 신세계백화점 충청점 B관 4층 CGV 천안터미널,,
경상남도,고성군,7088,CGV 고성,2,116,0,2,1,0,0,상설,,가입,CJ올리브네트웍스(주),2020-10-08,영업,위탁,경상남도 고성군 고성읍 77-1 번지,055-672-6565,
대구시,동구,12051,메가박스 대구신세계,6,901,0,6,2,0,0,상설,,가입,메가박스(주),2016-12-15,영업,직영,대구광역시 동구 신천동 1506 번지 신세계백화점 8층,02-1544-0070,http://www.megabox.co.kr/
경기도,군포시,2290,메가박스 금정AK플라자,7,613,0,7,0,0,0,상설,,가입,메가박스(주),2022-07-13,영업,직영,경기도 군포시 금정동 916 번지 AK플라자 금정점 지하1층~지상2층,1544-0070,https://www.megabox.co.kr
경기도,광명시,2289,메가박스 광명소하,6,800,0,6,0,0,0,상설,,가입,메가박스(주),2022-07-05,영업,직영,경기도 광명시 소하동 1344 번지 광명G타워 지하1층~지하2층,1544-0070,https://www.megabox.co.kr
충청북도,청주시,4017,CGV 청주(서문),10,1821,0,10,2,0,0,상설,,가입,CJ올리브네트웍스(주),2007-10-09,영업,직영,충청북도 청주시 상당구 서문동 29-2 번지,1544-1122,http://www.cgv.co.kr/
강원도,춘천시,3218,메가박스 춘천석사,6,987,0,6,0,0,0,상설,,가입,메가박스(주),2022-06-30,영업,직영,강원도 춘천시 석사동 980 번지 춘천 NH타운_ENTA 2층,1544-0070,https://www.megabox.co.kr/
인천시,연수구,15064,CGV 송도타임스페이스,7,809,0,7,1,0,0,상설,,가입,CJ올리브네트웍스(주),2020-12-03,영업,위탁,인천광역시 연수구 송도동 8-21 번지 지하1층,1544-1122,https://www.cgv.co.kr
경상남도,진주시,7082,롯데시네마 엠비씨네(진주),9,943,0,9,4,0,0,상설,,가입,롯데컬처웍스(주)롯데시네마,2018-12-07,영업,위탁,경상남도 진주시 가좌동 700-1 번지 롯데시네마 진주엠비씨네,02-1544-8855,https://www.lottecinema.co.kr
대구시,중구,12045,CGV 대구아카데미,8,1374,0,8,0,0,0,상설,,가입,CJ올리브네트웍스(주),2014-01-24,영업,직영,대구광역시 중구 남일동 65-1 번지 아카데미시네마 3층-8층,1544-1122,http://www.cgv.co.kr
서울시,영등포구,1158,CGV 영등포,12,2714,0,12,5,1,0,상설,,가입,CJ올리브네트웍스(주),2009-09-15,영업,직영,서울특별시 영등포구 영등포동4가 442 번지 경방 타임스퀘어 4~7층,1544-1122,http://www.cgv.co.kr/
전라남도,해남군,9065,해남시네마,2,136,0,2,1,0,0,상설,,가입,(주)디트릭스,2021-07-13,영업,직영,전라남도 해남군 해남읍 355-1 번지,061-533-7717,https://haenam.scinema.kr​
경상북도,의성군,6085,의성작은영화관,2,94,0,2,0,0,0,상설,,가입,(주)디트릭스,2021-07-10,영업,직영,경상북도 의성군 의성읍 508-1 번지 1층,054-833-7718,https://uiseong.scinema.kr
경기도,포천시,2255,포천 클라우드시네마,2,98,0,2,1,0,0,상설,,가입,(주)디트릭스,2019-12-18,영업,위탁,경기도 포천시 영북면 514-6 번지,031-531-7718,https://pocheon.scinema.kr
경상북도,울진군,6080,울진 작은영화관,1,87,0,1,1,0,0,상설,,가입,(주)디트릭스,2018-09-13,영업,직영,경상북도 울진군 울진읍 77-2 번지 울진군청별관,054-782-7717,https://uljin.scinema.kr
충청북도,영동군,4038,영동 레인보우 영화관,2,97,0,2,1,0,0,상설,,가입,문화인,2016-10-13,영업,직영,충청북도 영동군 영동읍 679-4 번지 영동 레인보우 영화관,043-743-7718,http://yd21.scinema.org
경상남도,남해군,7073,보물섬시네마,1,212,0,1,1,0,0,상설,,가입,(주)디트릭스,2016-03-07,영업,직영,경상남도 남해군 남해읍 760 번지 남해문화체육센터,055-862-7718,https://namhae.scinema.kr
경상남도,산청군,7089,산청군 작은영화관,2,98,0,2,1,0,0,상설,,가입,(주)디트릭스,2020-09-23,영업,직영,경상남도 산청군 신안면 930-1 번지 2층,055-973-7717,https://sancheong.scinema.kr
인천시,강화군,15050,강화작은영화관,1,89,0,1,1,0,0,상설,,가입,(주)디트릭스,2015-02-06,영업,위탁,인천광역시 강화군 강화읍 239 번지 강화문예회관 2층,032-934-7717,https://ganghwa.scinema.kr
충청남도,아산시,5069,큐브시네마,1,150,0,1,0,0,0,상설,,가입,(주)디트릭스,2021-03-01,영업,직영,충청남도 아산시 방축동 379 번지,,
부산시,부산진구,11007,CGV 서면,13,2480,3,13,7,1,1,상설,,가입,CJ올리브네트웍스(주),2000-05-31,영업,직영,부산광역시 부산진구 전포동 892-20 번지 지오플레이스 5층,1544-1122,http://www.cgv.co.kr
경기도,하남시,2235,메가박스 미사강변,5,250,0,5,0,0,0,상설,,가입,메가박스(주),2018-05-25,영업,위탁,"경기도 하남시 망월동 1079-2 번지 4,5층(망월동)",02-1544-0070,http://www.megabox.co.kr/
강원도,양구군,3210,양구 정중앙 시네마,2,201,0,2,0,0,0,상설,,가입,(주)디트릭스,2018-02-09,영업,직영,강원도 양구군 양구읍 353-1 번지 정중앙시네마 2층,033-482-7053,http://yanggu.scinema.org/
경기도,수원시,2288,메가박스 호매실,5,459,0,5,0,0,0,상설,,가입,메가박스(주),2022-05-25,영업,위탁,경기도 수원시 권선구 호매실동 1397-2 번지 아진스퀘어 7~8층,02-1544-0070,http://www.megabox.co.kr/
서울시,마포구,1267,메가박스 상암월드컵경기장,9,1540,0,9,0,0,0,상설,,가입,메가박스(주),2018-07-02,영업,직영,"서울특별시 마포구 성산동 515 번지 경기장 지하1층, 지상1,2층",02-1544-0070,http://www.megabox.co.kr/
충청북도,음성군,4051,설성시네마,2,94,0,2,0,0,0,상설,,가입,(주)디트릭스,2022-05-20,영업,직영,충청북도 음성군 음성읍 536-6 번지 설성문화회관 3층,,
경기도,수원시,2172,메가박스 영통,11,1837,0,11,2,0,0,상설,,가입,메가박스(주),2008-03-27,영업,직영,경기도 수원시 영통구 영통동 960-1 번지 롯데쇼핑플라자 5층,1544-0070,http://www.megabox.co.kr/
경기도,안양시,2036,롯데시네마 인덕원,6,916,0,6,1,0,0,상설,,가입,롯데컬처웍스(주)롯데시네마,2013-10-29,영업,위탁,경기도 안양시 동안구 관양동 1502-6 번지 아이퍼스트타워 7층,1544-8855,www.lottetcinema.co.kr
대전시,동구,13019,대전아트시네마,1,138,1,1,0,0,0,상설,,가입,(주)에스아이티랩,2006-04-01,영업,직영,대전광역시 동구 중동 27-11 번지 3층,042-472-1138,
부산시,사상구,11024,메가박스 사상,7,1550,0,7,5,0,0,상설,,가입,메가박스(주),2005-01-13,영업,직영,부산광역시 사상구 괘법동 533-1 번지 부산서부버스터미널 애플아울렛 본관동 4~5층,1544-0070,http://www.megabox.co.kr
울산시,울주군,14015,알프스시네마,2,301,0,2,1,0,0,상설,,가입,문화인,2015-10-08,영업,위탁,울산광역시 울주군 상북면 517 번지 영남알프스 복합웰컴센터,052-254-0267,http://all.ulju.ulsan.kr/ynawc
경기도,화성시,2072,메가박스 동탄,8,716,0,8,2,0,0,상설,,가입,메가박스(주),2015-07-17,영업,위탁,경기도 화성시 반송동 93-2 번지 동탄SR GOLD PLAZA 7층,,http://www.megabox.co.kr/
경기도,고양시,2199,롯데시네마 주엽,6,830,0,9,2,0,0,상설,,가입,롯데컬처웍스(주)롯데시네마,2011-10-31,영업,위탁,경기도 고양시 일산서구 주엽동 22 번지 그랜드백화점일산점 10층,1544-8855,http://www.lottecinema.co.kr/
제주도,제주시,10017,롯데시네마 제주삼화지구,5,372,0,5,1,0,0,상설,,가입,롯데컬처웍스(주)롯데시네마,2018-10-24,영업,위탁,제주특별자치도 제주시 삼양이동 1477-8 번지,064-755-5800,
제주도,제주시,10018,롯데시네마 제주아라,6,766,0,6,0,0,0,상설,,가입,롯데컬처웍스(주)롯데시네마,2019-03-01,영업,위탁,제주특별자치도 제주시 아라일동 2574 번지,,www.lottecinema.co.kr
부산시,해운대구,11038,롯데시네마 센텀시티(백화점),9,1712,0,9,5,0,0,상설,,가입,롯데컬처웍스(주)롯데시네마,2007-12-07,영업,직영,부산광역시 해운대구 우동 1496 번지 롯데백화점 8층,1544-8855,http://www.lottecinema.co.kr/
경기도,평택시,2176,CGV 평택,8,1324,0,8,5,1,0,상설,,가입,CJ올리브네트웍스(주),2009-04-24,영업,직영,"경기도 평택시 평택동 185-579 번지 (평택동, 평택민자역사 8층)",1544-1122,http://www.cgv.co.kr/
서울시,서대문구,1205,CGV 신촌아트레온,10,1561,0,10,5,1,0,상설,,가입,CJ올리브네트웍스(주),2013-06-21,영업,직영,서울특별시 서대문구 창천동 20-25 번지,1544-1122,
서울시,광진구,1016,CGV 강변,12,1666,1,12,5,1,0,상설,,가입,CJ올리브네트웍스(주),1998-04-04,영업,직영,서울특별시 광진구 구의동 546-4 번지 테크노마트 10층,1544-1122,http://www.cgv.co.kr/
충청남도,금산군,5063,금산시네마,2,150,0,2,1,0,0,상설,,가입,(주)디트릭스,2018-09-01,영업,직영,충청남도 금산군 금산읍 334-24 번지,041-751-7668,
충청남도,부여군,5026,금성시네마,2,108,0,2,1,0,0,상설,,가입,(주)디트릭스,2009-02-10,영업,직영,충청남도 부여군 부여읍 구아리 209-1 번지,041-833-9999,http://
경상북도,고령군,6066,대가야시네마,2,99,0,2,1,0,0,상설,,가입,(주)디트릭스,2015-12-01,영업,직영,경상북도 고령군 대가야읍 471-1 번지 대가야역사테마관광지 내,054-954-7053,http://gr.scinema.org/
경상남도,양산시,7083,메가박스 양산라피에스타,7,922,0,7,0,0,0,상설,,가입,메가박스(주),2019-03-28,영업,직영,경상남도 양산시 물금읍 1292 번지,02-1544-0070,http://www.megabox.co.kr/
경상남도,양산시,7078,메가박스 양산,6,528,0,6,2,0,0,상설,,가입,메가박스(주),2017-05-01,영업,위탁,경상남도 양산시 중부동 685-6 번지,02-1544-0070,http://www.megabox.co.kr/
경상남도,사천시,7079,메가박스 삼천포,3,90,0,3,3,0,0,상설,,가입,메가박스(주),2017-07-19,영업,위탁,경상남도 사천시 실안동 1265 번지 아르떼 리조트 본관 4층,02-1544-0070,http://www.megabox.co.kr/
경상남도,창원시 성산구,7036,메가박스 창원,7,1104,0,7,0,0,0,상설,,가입,메가박스(주),2005-07-02,영업,직영,경상남도 창원시 성산구 중앙동 99-1 번지 메가플렉스 8층,1544-0070,http://www.megabox.co.kr/
경상남도,창원시 마산회원구,7087,메가박스 창원내서,5,497,0,5,0,0,0,상설,,가입,메가박스(주),2020-06-24,영업,직영,경상남도 창원시 마산회원구 내서읍 1043-1 번지 10층,02-1544-0070,http://www.megabox.co.kr/
경상남도,창원시 마산합포구,7080,메가박스 마산,6,1043,0,6,0,0,0,상설,,가입,메가박스(주),2018-01-31,영업,직영,경상남도 창원시 마산합포구 해운동 68 번지 해운동 유로스퀘어 6~7층,02-1544-0070,http://www.megabox.co.kr/
경상북도,예천군,6083,메가박스 경북도청,6,471,0,6,1,0,0,상설,,가입,메가박스(주),2019-08-23,영업,위탁,경상북도 예천군 호명면 산합리 1430 번지 3층,02-1544-0070,http://www.megabox.co.kr/
경상북도,경산시,6070,메가박스 경산하양,5,573,0,5,1,0,0,상설,,가입,메가박스(주),2016-10-26,영업,위탁,경상북도 경산시 하양읍 607 번지,053-782-7458,http://www.megabox.co.kr/
경상북도,문경시,6065,메가박스 문경,3,259,0,3,0,0,0,상설,,가입,메가박스(주),2015-09-24,영업,직영,경상북도 문경시 모전동 859-2 번지 홈플러스 1층,1544-0070,http://www.megabox.co.kr
광주시,광산구,16045,롯데시네마 광주광산,8,733,0,8,3,0,0,상설,,가입,롯데컬처웍스(주)롯데시네마,2018-04-19,영업,위탁,광주광역시 광산구 우산동 1597-1 번지,1544-8855,https://www.lottecinema.co.kr
경상북도,김천시,6039,메가박스 김천,4,642,0,4,3,0,0,상설,,가입,메가박스(주),2006-07-01,영업,위탁,경상북도 김천시 평화동 245-82 번지 한일빌딩 4층,1544-0070,https://megabox.co.kr
충청북도,제천시,4050,CGV 제천,6,642,0,6,0,0,0,상설,,가입,CJ올리브네트웍스(주),2022-05-03,영업,위탁,충청북도 제천시 강제동 304-21 번지,1544-1122,https://www.cgv.co.kr
전라남도,목포시,9030,메가박스 목포하당,7,996,0,7,1,0,0,상설,,가입,메가박스(주),2006-09-30,영업,위탁,전라남도 목포시 상동 860-1 번지 쇼핑천국포르모 3층,1544-0070,http://www.megabox.co.kr/
충청남도,천안시,5023,메가박스 천안,9,1306,0,9,0,0,0,상설,,가입,메가박스(주),2013-10-01,영업,직영,충청남도 천안시 서북구 두정동 68-16 번지 센트하임프라자 3층,1544-0070,http://www.megabox.co.kr/
충청북도,진천군,4037,메가박스 진천,4,372,0,4,0,0,0,상설,,가입,메가박스(주),2015-12-30,영업,위탁,충청북도 진천군 진천읍 652 번지 진천터미널,1544-0070,http://www.megabox.co.kr/
인천시,동구,15044,인천미림극장,1,253,1,1,0,0,0,상설,,가입,(주)디트릭스,2013-10-02,영업,직영,인천광역시 동구 송현동 92-7 번지,032-764-6920,
경기도,평택시,2042,롯데시네마 평택비전(뉴코아),5,333,0,5,0,0,0,상설,,가입,롯데컬처웍스(주)롯데시네마,2014-04-01,영업,위탁,경기도 평택시 비전동 830-1 번지 뉴코아 아울렛 백화점 10층,1544-8855,http://www.lottecinema.co.kr/
경기도,고양시,2059,롯데시네마 라페스타(일산),8,1099,0,8,5,0,0,상설,,가입,롯데컬처웍스(주)롯데시네마,2003-07-17,영업,위탁,경기도 고양시 일산동구 장항동 764 번지 라페스타 C 3층,1544-8855,http://www.lottecinema.co.kr/
서울시,강서구,1234,롯데시네마 가양,6,444,0,6,0,0,0,상설,,가입,롯데컬처웍스(주)롯데시네마,2015-10-17,영업,위탁,서울특별시 강서구 등촌동 73-1 번지 롯데시네마 가양,070-7434-4064,https://www.lottecinema.co.kr
대구시,중구,12053,롯데시네마 프리미엄 만경,9,663,0,9,3,0,0,상설,,가입,롯데컬처웍스(주)롯데시네마,2018-04-25,영업,위탁,,1544-8855,http://www.lottecinema.co.kr
서울시,노원구,1235,롯데시네마 수락산,5,634,0,5,0,0,0,상설,,가입,롯데컬처웍스(주)롯데시네마,2015-11-13,영업,위탁,서울특별시 노원구 상계동 1132-35 번지 3~9층,1544-8855,www.lottecinema.co.kr
경기도,광명시,2287,CGV 광명역,5,374,0,5,1,0,0,상설,,가입,CJ올리브네트웍스(주),2022-05-03,영업,위탁,경기도 광명시 일직동 514 번지 GIDC B2층 CGV광명역,1544-1122,https://www.cgv.co.kr
경상남도,양산시,7076,롯데시네마 양산물금,5,454,0,5,0,0,0,상설,,가입,롯데컬처웍스(주)롯데시네마,2016-12-20,영업,위탁,경상남도 양산시 물금읍 1269-13 번지 큐엠시네마타워 4층,1544-8855,https://www.lottecinema.co.kr
인천시,부평구,15067,롯데시네마 부평갈산,7,1034,0,7,1,0,0,상설,,가입,롯데컬처웍스(주)롯데시네마,2022-04-30,영업,직영,인천광역시 부평구 갈산동 94 번지 U1 테크로밸리 3~5F 롯데시네마 부평갈산,02-1544-8855,http://www.lottecinema.co.kr
경상북도,영천시,6088,롯데시네마 영천,6,612,0,6,1,0,0,상설,,가입,롯데컬처웍스(주)롯데시네마,2021-09-09,영업,위탁,경상북도 영천시 완산동 1402 번지 고은스퀘어 2층 롯데시네마 영천,054-337-0740,http://www.lottecinema.co.kr
경상북도,경주시,6086,롯데시네마 경주황성,6,848,0,6,1,0,0,상설,,가입,롯데컬처웍스(주)롯데시네마,2021-08-06,영업,위탁,경상북도 경주시 황성동 800-22 번지,02-1544-8855,http://www.lottecinema.co.kr/
전라북도,전주시,8234,롯데시네마 전주송천,7,686,0,7,1,0,0,상설,,가입,롯데컬처웍스(주)롯데시네마,2021-12-04,영업,위탁,전라북도 전주시 덕진구 송천동2가 1422 번지 파인트리몰 5~6층,02-1544-8855,http://www.lottecinema.co.kr
경기도,화성시,2276,롯데시네마 동탄,6,1117,0,6,1,0,0,상설,,가입,롯데컬처웍스(주)롯데시네마,2021-08-18,영업,직영,경기도 화성시 오산동 967-157 번지 롯데백화점 7층 롯데시네마 동탄,02-1544-8855,www.lottecinema.co.kr
경기도,하남시,2275,롯데시네마 하남미사,8,890,0,8,0,0,0,상설,,가입,롯데컬처웍스(주)롯데시네마,2021-08-18,영업,위탁,경기도 하남시 덕풍동 831-1 번지 지하 1층,1544-8855,http://www.lottecinema.co.kr
경기도,시흥시,2282,롯데시네마 시흥장현,5,652,0,5,1,0,0,상설,,가입,롯데컬처웍스(주)롯데시네마,2021-12-15,영업,직영,경기도 시흥시 능곡동 235-1 번지 6F 롯데시네마 시흥장현,02-1544-8855,http://www.lottecinema.co.kr
경기도,오산시,2114,롯데시네마 오산(원동),5,375,0,6,1,0,0,상설,,가입,롯데컬처웍스(주)롯데시네마,2006-06-27,영업,위탁,경기도 오산시 원동 300-8 번지 씨네마아울렛 5층,1544-0070,http://www.lottecinema.co.kr
강원도,춘천시,3206,메가박스 남춘천,7,1134,0,7,0,0,0,상설,,가입,메가박스(주),2017-03-16,영업,위탁,강원도 춘천시 온의동 587-8 번지 뉴타운빌딩 2층,02-1544-0070,http://www.megabox.co.kr/
경기도,김포시,2240,메가박스 김포한강신도시,5,712,0,5,1,0,0,상설,,가입,메가박스(주),2018-09-19,영업,직영,경기도 김포시 구래동 6882-4 번지 두원타워 8층,02-1544-0070,http://www.megabox.co.kr/
경기도,안성시,2268,메가박스 안성스타필드,7,1256,0,7,1,0,0,상설,,가입,메가박스(주),2020-10-05,영업,직영,경기도 안성시 공도읍 354 번지 스타필드 안성 3층,02-1544-0070,http://www.megabox.co.kr/
경기도,파주시,2052,메가박스 파주금촌,7,921,0,7,1,0,0,상설,,가입,메가박스(주),2014-12-20,영업,위탁,경기도 파주시 금촌동 329-158 번지 MH타워 4층,1544-0070,http://www.megabox.co.kr/
전라남도,순천시,9061,CGV 순천신대,9,1449,0,9,1,0,0,상설,,가입,CJ올리브네트웍스(주),2017-12-29,영업,직영,전라남도 순천시 해룡면 2139 번지 CGV 순천신대,,
경기도,파주시,2097,메가박스 파주출판도시,9,1636,0,9,1,0,0,상설,,가입,메가박스(주),2011-11-18,영업,직영,경기도 파주시 문발동 510-1 번지 이채쇼핑몰 C동,1544-0070,http://www.megabox.co.kr/
전라북도,정읍시,8048,CGV 정읍,4,553,0,4,1,0,0,상설,,가입,CJ올리브네트웍스(주),2014-01-27,영업,위탁,전라북도 정읍시 수성동 525-1 번지,1544-1122,
경기도,파주시,2226,메가박스 파주운정,7,882,0,7,2,0,0,상설,,가입,메가박스(주),2017-01-11,영업,위탁,경기도 파주시 야당동 483-3 번지 에스비프라자 3층,02-1544-0070,http://www.megabox.co.kr/
경기도,용인시,2245,메가박스 용인테크노밸리,6,611,0,6,0,0,0,상설,,가입,메가박스(주),2019-01-10,영업,위탁,경기도 용인시 기흥구 청덕동 556 번지 용인테크노밸리 A동 지하1층,02-1544-0070,http://www.megabox.co.kr/
경기도,하남시,2223,메가박스 하남스타필드,11,1531,0,11,2,0,0,상설,,가입,메가박스(주),2016-09-09,영업,직영,경기도 하남시 신장동 616 번지 스타필드 하남 4층,1544-0070,http://www.megabox.co.kr/
경기도,시흥시,2228,메가박스 시흥배곧,6,1227,0,6,2,0,0,상설,,가입,메가박스(주),2017-06-15,영업,위탁,경기도 시흥시 배곧동 199-1 번지 M플러스 7층,02-1544-0070,http://www.megabox.co.kr/
전라북도,전주시,8226,CGV 전주고사,8,1275,0,8,4,1,0,상설,,가입,CJ올리브네트웍스(주),2016-02-03,영업,직영,전라북도 전주시 완산구 고사동 355-1 번지,1544-1122,
경기도,동두천시,2073,문화극장 1관,1,218,0,2,1,0,0,상설,,가입,(주)유유코리아,1972-01-01,영업,직영,경기도 동두천시 생연동 616-2 번지,031-865-2480,http://
전라남도,함평군,9069,함평자동차극장,2,180,0,2,0,0,0,상설,,가입,문화인,2021-01-29,영업,직영,전라남도 함평군 함평읍 828-56 번지 함평자동차극장,,
경기도,고양시,2180,메가박스 킨텍스,8,1720,0,8,0,0,0,상설,,가입,메가박스(주),2010-09-09,영업,직영,경기도 고양시 일산서구 대화동 2602 번지 레이킨스몰 3층,1544-0070,http://www.megabox.co.kr
경기도,고양시,2128,메가박스 일산,8,950,0,8,2,0,0,상설,,가입,메가박스(주),2007-07-11,영업,위탁,경기도 고양시 일산서구 덕이동 219-8 번지,1544-0070,http://www.megabox.co.kr/
서울시,도봉구,1289,CGV 방학,7,870,0,7,1,1,0,상설,,가입,CJ올리브네트웍스(주),2022-04-28,영업,직영,서울특별시 도봉구 방학동 707-6 번지 모비우스스퀘어 8층,1544-1122,https://www.cgv.co.kr
경기도,고양시,2222,메가박스 일산벨라시타,5,749,0,5,1,0,0,상설,,가입,메가박스(주),2016-08-24,영업,직영,경기도 고양시 일산동구 백석동 1237 번지 벨라시타 2층,02-1544-0070,http://www.megabox.co.kr
경기도,부천시,2252,메가박스 부천스타필드시티,5,829,0,5,0,0,0,상설,,가입,메가박스(주),2019-09-03,영업,직영,경기도 부천시 옥길동 768 번지,02-1544-0070,http://www.megabox.co.kr/
경기도,의정부시,2218,메가박스 의정부민락,6,1098,0,6,2,0,0,상설,,가입,메가박스(주),2016-05-15,영업,직영,경기도 의정부시 민락동 813-3 번지,1544-0070,www.megabox.co.kr
경기도,성남시,2102,메가박스 분당,6,785,0,6,3,0,0,상설,,가입,메가박스(주),2001-07-28,영업,직영,경기도 성남시 분당구 서현동 262-2 번지 4층,1544-0070,http://www.megabox.co.kr/
경기도,수원시,2037,메가박스 수원남문,4,248,0,4,1,0,0,상설,,가입,메가박스(주),2013-12-20,영업,위탁,경기도 수원시 팔달구 팔달로3가 84-5 번지,1544-0070,http://www.megabox.co.kr/
세종시,연기군,17040,메가박스 세종나성,5,759,0,5,0,0,0,상설,,가입,메가박스(주),2020-01-20,영업,직영,세종특별자치시 나성동 206 번지 4~6층,02-1544-0070,http://www.megabox.co.kr/
경기도,안산시,2211,명화극장,1,199,0,1,0,0,0,상설,,가입,(주)더브이엑스,2012-12-31,영업,직영,경기도 안산시 단원구 고잔동 541-1 번지,031-480-3827,
인천시,연수구,15055,메가박스 송도,8,1542,0,8,2,0,0,상설,,가입,메가박스(주),2017-04-28,영업,직영,인천광역시 연수구 송도동 170-1 번지,02-1544-0070,http://www.megabox.co.kr/
경기도,안양시,2204,롯데시네마 평촌(범계역),7,1492,0,7,5,1,0,상설,,가입,롯데컬처웍스(주)롯데시네마,2012-03-29,영업,직영,경기도 안양시 동안구 호계동 1039 번지,1544-8855,http://www.lottecinema.co.kr/
경기도,수원시,2049,롯데시네마 수원,8,1895,0,8,4,1,0,상설,,가입,롯데컬처웍스(주)롯데시네마,2014-11-27,영업,직영,경기도 수원시 권선구 서둔동 296-77 번지,1544-8855,
울산시,남구,14001,롯데시네마 울산(백화점),9,1480,0,9,7,1,0,상설,,가입,롯데컬처웍스(주)롯데시네마,2001-08-24,영업,직영,울산광역시 남구 삼산동 1480-1 번지,1544-8855,http://www.lottecinema.co.kr/
경기도,화성시,2285,안영채 X 모노플렉스,1,40,0,1,0,0,0,상설,,가입,(주)디트릭스,2022-03-11,영업,직영,경기도 화성시 동탄면 송리 726-1 번지 라크몽 B1,031-8058-8992,https://www.monoplex.kr/
광주시,광산구,16036,롯데시네마 수완,7,1397,0,7,5,1,0,상설,,가입,롯데컬처웍스(주)롯데시네마,2012-02-24,영업,직영,광주광역시 광산구 장덕동 1678 번지,1544-8855,http://www.lottecinema.co.kr/
부산시,금정구,11057,롯데시네마 오투(부산대),7,1049,0,7,0,0,0,상설,,가입,롯데컬처웍스(주)롯데시네마,2015-01-01,영업,직영,부산광역시 금정구 부곡동 298-2 번지,1544-8855,
부산시,중구,11054,롯데시네마 광복,10,2369,0,10,4,1,0,상설,,가입,롯데컬처웍스(주)롯데시네마,2014-08-28,영업,직영,부산광역시 중구 중앙동7가 20-1 번지 시네마동 9층,1544-8855,http://www.lottecinema.co.kr/
대구시,북구,12006,메가박스 대구(칠성로),10,2008,0,10,2,0,0,상설,,가입,메가박스(주),2002-04-27,영업,직영,대구광역시 북구 칠성동2가 20-1 번지 스펙트럼시티 4층,1544-0070,http://www.megabox.co.kr/
대구시,동구,12054,메가박스 대구이시아,7,630,0,7,1,0,0,상설,,가입,메가박스(주),2018-08-15,영업,직영,대구광역시 동구 봉무동 1548 번지 메가맥스타워 2층,02-1544-0070,http://www.megabox.co.kr/
경상남도,통영시,7055,롯데시네마 통영,7,858,0,7,0,0,0,상설,,가입,롯데컬처웍스(주)롯데시네마,2010-04-02,영업,위탁,경상남도 통영시 무전동 986 번지,1544-8855,http://www.lottecinema.co.kr/
부산시,해운대구,11026,메가박스 해운대(장산),7,1007,0,7,2,0,0,상설,,가입,메가박스(주),2012-01-02,영업,직영,부산광역시 해운대구 좌동 1467-4 번지 8층,1544-0070,http://www.megabox.co.kr/
부산시,중구,11020,메가박스 부산극장,9,1372,0,9,2,0,0,상설,,가입,메가박스(주),2000-05-16,영업,위탁,부산광역시 중구 남포동5가 18-1 번지,1544-0070,http://www.megabox.co.kr/
서울시,강남구,1003,메가박스 코엑스,19,3430,0,19,3,0,0,상설,,가입,메가박스(주),2000-05-13,영업,직영,서울특별시 강남구 삼성동 159 번지,1544-0070,http://www.megabox.co.kr/
서울시,서초구,1030,메가박스 센트럴,5,680,0,5,1,0,0,상설,,가입,메가박스(주),2000-07-29,영업,직영,서울특별시 서초구 반포동 19-3 번지 센트럴시티 지하1층,1544-0070,www.megabox.co.kr
서울시,동작구,1125,메가박스 이수,6,888,0,6,1,0,0,상설,,가입,메가박스(주),2011-11-18,영업,직영,서울특별시 동작구 사당동 147-53 번지 골든시네마타워 7~11층,1544-0070,http://www.megabox.co.kr/
충청북도,청주시,4045,CGV 청주터미널,8,676,0,8,0,0,0,상설,,가입,CJ올리브네트웍스(주),2019-02-01,영업,위탁,충청북도 청주시 흥덕구 가경동 1416-3 번지 8층,043-232-6344,
서울시,서대문구,1149,필름포럼,2,142,0,2,0,0,0,상설,,가입,(주)디트릭스,2008-07-01,영업,직영,서울특별시 서대문구 대신동 85 번지 하늬솔빌딩 지하 1층,02-363-2537,
서울시,송파구,1224,롯데시네마 월드타워,18,4537,0,18,11,1,0,상설,,가입,롯데컬처웍스(주)롯데시네마,2014-10-15,영업,직영,"서울특별시 송파구 신천동 29 번지 신천동, 엔터동롯데시네마(5~11F)",1544-8855,http://www.lottecinema.co.kr/
서울시,광진구,1121,롯데시네마 건대입구,11,2181,0,11,8,0,0,상설,,가입,롯데컬처웍스(주)롯데시네마,2007-01-26,영업,직영,서울특별시 광진구 자양동 227-7 번지 스타시티몰2층,1544-8855,http://www.lottecinema.co.kr/
충청북도,청주시,4044,메가박스 청주사창,4,380,0,4,0,0,0,상설,,가입,메가박스(주),2018-11-30,영업,위탁,충청북도 청주시 서원구 사창동 488 번지,02-1544-0070,http://www.megabox.co.kr/
경상남도,밀양시,7020,밀양시네마,2,292,0,2,0,0,0,상설,,가입,(주)디트릭스,2010-08-30,영업,직영,경상남도 밀양시 내이동 1565-16 번지,055-356-3606,http://
전라북도,전주시,8053,씨네큐 전주영화의거리,10,850,0,10,0,0,0,상설,,가입,(주)씨네큐,2020-04-24,영업,위탁,전라북도 전주시 완산구 고사동 181 번지 씨네큐 전주점,,https://www.cineq.co.kr/
대구시,중구,12035,CGV 대구현대,6,710,0,6,3,0,0,상설,,가입,CJ올리브네트웍스(주),2011-08-17,영업,직영,대구광역시 중구 계산동2가 200 번지 지하2층 (계산동2가),1544-1122,http://www.cgv.co.kr
강원도,철원군,3205,철원작은영화관 뚜루,3,228,0,3,2,0,0,상설,,가입,(주)디트릭스,2016-11-17,영업,직영,강원도 철원군 철원읍 988-2 번지,033-458-7053,https://cwg.scinema.org/
부산시,부산진구,1286,CGV 서면상상마당,6,660,0,6,0,0,0,상설,,가입,CJ올리브네트웍스(주),2021-12-22,영업,직영,부산광역시 부산진구 부전동 521-1 번지 KT&G 상상마당부산 8~12층,,https://www.cgv.co.kr
강원도,춘천시,3198,롯데시네마 춘천,6,448,0,6,1,0,0,상설,,가입,롯데컬처웍스(주)롯데시네마,2014-05-01,영업,위탁,강원도 춘천시 죽림동 189 번지,1544-1122,
서울시,구로구,1217,롯데시네마 신도림,5,560,0,5,2,0,0,상설,,가입,롯데컬처웍스(주)롯데시네마,2013-09-13,영업,직영,"서울특별시 구로구 신도림동 692 번지 디큐브시티 제타워동 7,8층 일부",1544-8855,www.lottecinema.co.kr
서울시,중구,1062,서울아트시네마,1,230,1,1,0,0,0,상설,,가입,(주)에스아이티랩,,영업,직영,서울특별시 중구 정동 22 번지 경향아트힐 2층,02-741-9782,http://
경기도,부천시,2239,판타스틱 큐브,1,70,0,1,0,0,0,상설,,가입,(주)디트릭스,,영업,직영,경기도 부천시 중동 1156 번지,,
광주시,동구,16013,광주극장,1,856,1,1,0,0,0,상설,,가입,(주)디트릭스,2004-03-26,영업,직영,광주광역시 동구 충장로5가 62,062-224-5858,http://
서울시,구로구,1248,씨네큐 신도림,10,1115,0,10,2,0,0,상설,,가입,(주)씨네큐,2018-01-18,영업,직영,서울특별시 구로구 구로동 3-25 번지 신도림테크노마트 11층~14층,,
서울시,서대문구,1282,라이카시네마,1,39,0,1,0,0,0,상설,,가입,(주)디트릭스,2021-01-13,영업,직영,서울특별시 서대문구 연희동 194-25 번지 스페이스독 지하1층,070-7780-0962,www.laikacinema.com
충청북도,충주시,4012,메가박스 충주,4,578,0,10,3,0,0,상설,,가입,메가박스(주),2002-12-19,영업,위탁,충청북도 충주시 성서동 273 번지,1544-0070,http://www.megabox.co.kr/
서울시,중구,1231,명보아트시네마,1,200,0,1,0,0,0,상설,,가입,인터파크(주),2013-07-10,영업,직영,서울특별시 중구 초동 18-5 번지 명보아트홀 6층,02-2273-5345,
서울시,종로구,1227,낭만극장,1,286,0,1,0,0,0,상설,,가입,(주)더브이엑스,2015-04-21,영업,직영,서울특별시 종로구 낙원동 낙원빌딩 284-6 번지 낙원상가 4층,02-3672-4232,
경기도,고양시,2229,메가박스 고양스타필드,9,1214,0,9,0,0,0,상설,,가입,메가박스(주),2017-08-17,영업,직영,경기도 고양시 덕양구 동산동 370 번지,02-1544-0070,
대전시,유성구,13037,메가박스 대전현대아울렛,7,1177,0,7,0,0,0,상설,,가입,메가박스(주),2020-06-24,영업,직영,대전광역시 유성구 용산동 579 번지 현대프리미엄아울렛 대전점 3~4층,02-1544-0070,http://www.megabox.co.kr/
서울시,마포구,1193,인디스페이스,1,186,0,1,0,0,0,상설,,가입,(주)에스아이티랩,,영업,직영,서울특별시 마포구 동교동 166-14 번지 동교동 스타피카소 8층,02-738-0366,http://indiespace.kr/
서울시,성북구,1098,아리랑시네센터(서울),3,472,0,3,2,0,0,상설,,가입,(주)디트릭스,2004-05-01,영업,직영,서울특별시 성북구 돈암동 538-98 번지,02-3291-5540,http://cine.arirang.go.kr/
경기도,동두천시,2074,동광극장(구 문화극장3관),1,283,1,1,0,0,0,상설,,가입,(주)유유코리아,1986-07-01,영업,직영,경기도 동두천시 생연동 828-2 번지,031-867-3030,
경기도,동두천시,2286,문화극장 2관,1,74,0,1,0,0,0,상설,,가입,(주)유유코리아,1988-04-21,영업,직영,경기도 동두천시 생연동 616-2 번지,031-863-3000,
인천시,중구,15017,애관극장(인천),5,809,0,5,0,0,0,상설,,가입,(주)디트릭스,2004-01-16,영업,직영,인천광역시 중구 경동 238 번지,032-761-7177,http://aekwan.co.kr/
강원도,강릉시,3043,강릉독립예술극장 신영,1,115,1,1,0,0,0,상설,,가입,(주)에스아이티랩,,영업,직영,강원도 강릉시 임당동 119-3 번지,033-645-7415,
경상북도,영주시,6020,예당시네마,1,95,0,1,0,0,0,상설,,가입,(주)디트릭스,2011-11-09,영업,직영,경상북도 영주시 영주동 377-18 번지,054-634-8855,
서울시,광진구,1166,KU시네마테크,1,152,1,1,0,0,0,상설,,가입,(주)디트릭스,2010-12-28,영업,직영,서울특별시 광진구 화양동 1 번지 건국대학교 예술디자인대학 B108호 KU시네마테크,02-446-6579,www.kucine.kr
경기도,가평군,2283,조종시네마,2,99,0,2,0,0,0,상설,,가입,(주)유유코리아,2021-12-24,영업,위탁,경기도 가평군 조종면 410-6 번지 조종 청소년 문화의 집 내,02-323-1718,www.olcinema.co.kr
경기도,광명시,2038,광명철산 극장,6,476,0,6,0,0,0,상설,,가입,(주)유유코리아,2014-01-24,영업,직영,경기도 광명시 철산동 436 번지 덕수빌딩 4층,1544-1122,
전라북도,부안군,2271,마실영화관,2,99,0,2,1,0,0,상설,,가입,(주)유유코리아,2021-01-04,영업,위탁,전라북도 부안군 부안읍 455-51 번지,063-582-1228,
전라북도,장수군,8056,한누리 영화관,2,90,0,2,0,0,0,상설,,가입,(주)유유코리아,2020-12-23,영업,위탁,전라북도 장수군 장수읍 474 번지 장수한누리전당,063-350-7050,
경상남도,함안군,7081,함안군 작은영화관,2,98,0,2,1,0,0,상설,,가입,(주)유유코리아,2018-02-09,영업,위탁,경상남도 함안군 가야읍 58-132 번지 함안군작은영화관,061-363-2011,http://www.olcinema.co.kr
전라남도,화순군,9062,화순시네마,2,124,0,2,1,0,0,상설,,가입,(주)유유코리아,2018-02-12,영업,위탁,"전라남도 화순군 화순읍 88 번지 군민회관, 서양정 2층",061-373-7053,www.olcinema.co.kr
인천시,부평구,15010,인천대한극장,2,245,0,2,1,0,0,상설,,가입,문화인,1973-07-01,영업,직영,인천광역시 부평구 부평동 534-27 번지,032-503-3330,http://
서울시,중구,1066,대한극장(서울),12,2812,0,11,3,0,0,상설,,가입,(주)유유코리아,2001-12-15,영업,직영,서울특별시 중구 필동2가 19-1 번지,02-3393-3500,http://www.daehancinema.co.kr/
강원도,인제군,3217,CGV 원통,1,92,0,1,1,0,0,상설,,가입,CJ올리브네트웍스(주),2022-02-25,영업,위탁,강원도 인제군 북면 원통리 459-4 번지 2층,,http://www.cgv.co.kr
충청남도,보령시,5059,명보시네마,3,236,0,3,0,0,0,상설,,가입,(주)유유코리아,2017-12-23,영업,직영,충청남도 보령시 대천동 422-4 번지,041-936-4503,
강원도,영월군,3200,영월시네마,2,149,0,2,1,0,0,상설,,가입,(주)디트릭스,2015-08-13,영업,직영,강원도 영월군 영월읍 990-2 번지,033-375-7053,http://yw.scinema.org/
대전시,중구,13036,대전독립영화전용관 씨네인디U,1,72,0,1,0,0,0,상설,,가입,(주)디트릭스,,영업,직영,대전광역시 중구 문화동 1-13 번지 기독교연합봉사회관 1층 1호,,
전라남도,구례군,9048,구례자연드림시네마,2,140,0,2,2,0,0,상설,,가입,(주)유유코리아,2014-04-23,영업,직영,전라남도 구례군 용방면 931 번지,061-783-8993,
전라북도,무주군,1221,무주 산골 영화관,2,98,0,2,1,0,0,상설,,가입,문화인,2014-06-20,영업,위탁,전라북도 무주군 무주읍 1199-3 번지 무주예체문화관 2층,063-322-7053,http://pf.kakao.com/_IGxbEK
경기도,용인시,2188,CGV 동백,8,1144,0,8,3,0,0,상설,,가입,CJ올리브네트웍스(주),2011-05-18,영업,위탁,경기도 용인시 기흥구 중동 833 번지 쥬네브썬월드 7001호,1544-1122,http://www.cgv.co.kr
인천시,남구,15035,영화공간주안,4,496,0,4,0,0,0,상설,,가입,(주)디트릭스,2007-05-01,영업,직영,인천광역시 남구 주안동 166-1 번지,032-867-9168,http://www.cinespacejuan.com/
전라북도,전주시,8228,조이아트시네마,1,94,0,1,0,0,0,상설,,가입,문화인,2016-08-15,영업,직영,전라북도 전주시 완산구 고사동 355-1 번지,063-252-4323,
전라북도,전주시,8227,조이앤시네마 전주점,5,760,0,5,1,0,0,상설,,가입,문화인,2016-04-29,영업,직영,전라북도 전주시 완산구 고사동 355-1 번지,063-252-4323,http://www.facebook.com/
전라남도,고흥군,9052,고흥 작은영화관,2,142,0,2,0,0,0,상설,,가입,문화인,2016-02-22,영업,직영,전라남도 고흥군 고흥읍 914 번지,061-830-580,cinema.goheung.go.kr
서울시,강남구,1242,이봄씨어터,1,59,0,1,0,0,0,상설,,가입,(주)디트릭스,2017-01-11,영업,직영,서울특별시 강남구 신사동 532-1 번지 대원빌딩 B2,070-8233-4321,
서울시,중구,1165,청춘극장,1,260,0,1,0,0,0,상설,,가입,(주)더브이엑스,2010-10-02,영업,직영,서울특별시 중구 충정로1가 68 번지 문화일보사건물,02-3672-4235,http://
서울시,종로구,1103,허리우드클래식,1,300,1,1,0,0,0,상설,,가입,(주)더브이엑스,2005-04-01,영업,직영,서울 종로구 낙원동 284-6 낙원상가4층,02-3672-4232,
광주시,서구,16041,CGV 광주상무,13,2876,0,13,1,0,0,상설,,가입,CJ올리브네트웍스(주),2014-06-05,영업,직영,광주광역시 서구 치평동 1218-1 번지 치평동 6층,1544-1122,https://www.cgv.co.kr
경상북도,포항시,6047,CGV 포항,8,1518,0,9,4,0,0,상설,,가입,CJ올리브네트웍스(주),2007-08-30,영업,직영,경상북도 포항시 남구 상도동 582 번지 밸류플러스 7층,1544-1122,http://www.cgv.co.kr/
광주시,서구,16027,CGV 광주터미널,13,3166,1,15,4,1,1,상설,,가입,CJ올리브네트웍스(주),2009-05-20,영업,직영,광주광역시 서구 광천동 49-1 번지 유스퀘어 2-6층,1544-1122,http://www.cgv.co.kr/
경상북도,울진군,6087,엠시네마 자동차극장,1,52,0,1,0,0,0,상설,,가입,문화인,2021-09-17,영업,직영,경상북도 울진군 후포면 857-8 번지 엠시네마 자동차극장,054-788-7800,
전라북도,김제시,1210,지평선시네마,2,99,0,2,1,0,0,상설,,가입,문화인,2013-08-26,영업,직영,전라북도 김제시 검산동 산62-1 번지 김제시 지평선 시네마,063-547-1501,
서울시,강남구,1186,CGV 청담씨네시티,6,670,0,6,6,1,0,상설,,가입,CJ올리브네트웍스(주),2011-10-09,영업,직영,서울특별시 강남구 신사동 651-21 번지,1544-1122,http://www.cgv.co.kr
부산시,해운대구,11051,영화의 전당,6,4560,5,6,2,0,0,상설,,가입,(재) 영화의전당,2011-11-11,영업,직영,부산광역시 해운대구 우동 1467 번지,051-780-6050,http://www.dureraum.org/
충청남도,부여군,5055,스타박스,2,166,0,2,1,0,0,상설,,가입,(주)디트릭스,2017-01-18,영업,직영,충청남도 부여군 부여읍 617 번지 3층,041-837-4501,
경상남도,양산시,7093,영화공장,1,108,0,1,0,0,0,상설,,가입,(주)대한에스엠,2022-01-27,영업,직영,경상남도 양산시 덕계동 234-12 번지,055-364-9977,
경상남도,합천군,7074,합천시네마,2,99,0,2,1,0,0,상설,,가입,(주)디트릭스,2016-07-15,영업,직영,경상남도 합천군 합천읍 512 번지 2층,055-932-7053,www.hccinema.co.kr
전라남도,완도군,9057,완도 빙그레 시네마,2,98,0,2,1,0,0,상설,,가입,(주)디트릭스,2017-09-26,영업,직영,전라남도 완도군 완도읍 9-191 번지 완도문화예술의전당,,
경기도,가평군,2247,1939시네마,2,136,0,2,1,0,0,상설,,가입,(주)디트릭스,2019-03-22,영업,직영,,,
전라북도,전주시,8016,전주시네마타운,4,662,0,6,0,0,0,상설,,가입,문화인,2003-09-05,영업,직영,전북 전주시 완산구 고사동 340-7,063-283-7722,http://www.jcinema.co.kr
전라북도,진안군,8055,마이골 작은영화관,2,98,0,2,1,0,0,상설,,가입,문화인,2020-11-01,영업,직영,전라북도 진안군 진안읍 143 번지 마이골 작은영화관,,
전라북도,순창군,8225,천재의 공간 영화산책,2,149,0,2,1,0,0,상설,,가입,문화인,2015-11-26,영업,직영,전라북도 순창군 순창읍 471 번지 작은영화관,063-653-7057,http://sunchang.scinema.org/
전라북도,고창군,8049,동리시네마,2,93,0,2,1,0,0,상설,,가입,문화인,2014-06-20,영업,위탁,전라북도 고창군 고창읍 읍내리 457 번지,063-564-1340,
경기도,안양시,2179,CGV 평촌,10,1391,0,10,3,0,0,상설,,가입,CJ올리브네트웍스(주),2014-06-03,영업,직영,경기도 안양시 동안구 관양동 1606 번지 8층,1544-1122,http://www.cgv.co.kr/
경기도,부천시,2150,CGV 소풍,11,1773,1,11,2,0,1,상설,,가입,CJ올리브네트웍스(주),2013-07-01,영업,직영,"경기도 부천시 원미구 상동 539-1 번지 소풍6층, 7층",1544-1122,http://www.cgv.co.kr
충청남도,서천군,5051,서천군 기벌포영화관,2,154,0,2,1,0,0,상설,,가입,문화인,2016-01-08,영업,직영,충청남도 서천군 장항읍 137-1 번지 기벌포영화관,041-956-7939,http://www.서천군기벌포영화관.net/
대구시,동구,12033,씨네Q 대구이시아,7,516,0,7,3,0,0,상설,,가입,(주)씨네큐,2011-04-30,영업,위탁,대구광역시 동구 봉무동 1545 번지,1544-1533,https://www.cineq.co.kr
경기도,남양주시,2269,메가박스 남양주현대아울렛 스페이스원,8,1215,0,8,2,0,0,상설,,가입,메가박스(주),2020-11-04,영업,직영,경기도 남양주시 다산동 6141 번지 3~5층,02-1544-0070,http://www.megabox.co.kr/
광주시,북구,16039,광주자동차극장,2,320,0,2,1,0,0,상설,,가입,(주)디트릭스,2017-02-22,영업,직영,광주광역시 북구 생용동 90 번지,062-575-5717,http://www.cinemapark.kr
울산시,동구,14020,CGV 울산동구,6,412,0,6,0,0,0,상설,,가입,CJ올리브네트웍스(주),2022-01-13,영업,위탁,울산광역시 동구 방어동 58-2 번지,052-232-8501,https://www.cgv.co.kr
전라남도,순천시,9073,루프탑시네마 모다순천,1,47,0,1,0,0,0,상설,,가입,(주)유유코리아,2021-12-22,영업,직영,전라남도 순천시 해룡면 99 번지 순천만플라자 모다아울렛 3층,,http://www.rooftopcinema.co.kr
전라남도,진도군,9056,진도아리랑 시네마,2,98,0,2,1,0,0,상설,,가입,작은영화관 사회적협동조합,2017-07-20,영업,직영,전라남도 진도군 진도읍 1140 번지 진도아리랑 시네마,061-544-7790,https://jindo.littlecinema.co.kr/
강원도,횡성군,3211,횡성시네마,2,136,0,2,1,0,0,상설,,가입,작은영화관 사회적협동조합,2018-02-14,영업,직영,강원도 횡성군 횡성읍 281-1 번지 횡성시네마,033-343-1088,https://hseong.littlecinema.co.kr/
강원도,고성군,3216,달홀영화관,2,97,0,2,0,0,0,상설,,가입,(주)디트릭스,2022-01-07,영업,직영,강원도 고성군 간성읍 146-3 번지 달홀문화센터,033-680-4068,
경기도,안성시,1207,롯데시네마 안성,2,164,0,2,2,0,0,상설,,가입,롯데컬처웍스(주)롯데시네마,2013-07-19,영업,위탁,경기도 안성시 공도읍 306 번지,1544-8855,www.lottecinema.co.kr
강원도,원주시,3204,메가박스 원주센트럴,9,1233,0,9,1,0,0,상설,,가입,메가박스(주),2016-09-28,영업,위탁,강원도 원주시 반곡동 1903-3 번지 센트럴파크 7층,1544-0070,www.megabox.co.kr
전라북도,완주군,8223,완주 휴 시네마,2,90,0,2,1,0,0,상설,,가입,문화인,2014-09-18,영업,직영,전라북도 완주군 봉동읍 881 번지,063-263-9012,
서울시,중구,1102,롯데시네마 에비뉴엘(명동),4,676,0,4,4,0,0,상설,,가입,롯데컬처웍스(주)롯데시네마,2005-03-25,영업,직영,서울특별시 중구 남대문로2가 130 번지,1544-8855,http://www.lottecinema.co.kr/
서울시,중구,1105,롯데시네마 에비뉴엘(명동)_샤롯데,1,34,0,1,1,0,0,상설,,가입,롯데컬처웍스(주)롯데시네마,2005-03-25,영업,직영,서울특별시 중구 남대문로2가 130 번지,1544-8855,http://www.lottecinema.co.kr/
경기도,평택시,2284,CGV 평택고덕,8,516,0,8,1,0,0,상설,,가입,CJ올리브네트웍스(주),2022-01-14,영업,위탁,경기도 평택시 장당동 154-2 번지 평택고덕아이파크 103동 3층,031-668-6424,https://www.cgv.co.kr
서울시,종로구,1127,CGV 대학로,10,1973,0,8,3,0,0,상설,,가입,CJ올리브네트웍스(주),2007-07-20,영업,직영,서울특별시 종로구 명륜2가 41-9 번지 판타지움빌딩 1층,1544-1122,http://www.cgv.co.kr
경기도,광명시,2063,롯데시네마 광명,6,1042,0,6,0,0,0,상설,,가입,롯데컬처웍스(주)롯데시네마,2015-01-08,영업,직영,"경기도 광명시 광명동 150-19 번지 크로앙스 7,8층",1544-8855,http://www.lottecinema.co.kr/
부산시,해운대구,11039,롯데시네마 센텀시티(백화점)_샤롯데,1,30,0,1,1,0,0,상설,,가입,롯데컬처웍스(주)롯데시네마,2007-12-07,영업,직영,부산광역시 해운대구 우동 1496 번지 롯데백화점 8층,1544-8855,http://www.lottecinema.co.kr/
전라북도,남원시,8235,NH시네마,3,257,0,3,1,0,0,상설,,가입,(주)디트릭스,2021-12-24,영업,직영,전라북도 남원시 고죽동 66-3 번지 4층,063-635-3927,https://moviewalk.scinema.org/
부산시,강서구,11072,CGV 부산명지,6,431,0,6,0,0,0,상설,,가입,CJ올리브네트웍스(주),2022-01-05,영업,위탁,부산광역시 강서구 명지동 3586-4 번지 8층 9층 CGV 부산명지,1544-1122,https://www.cgv.co.kr
경기도,광명시,2281,메가박스 광명AK플라자,6,795,0,6,0,0,0,상설,,가입,메가박스(주),2021-10-29,영업,직영,경기도 광명시 일직동 512-3 번지 B1 ~ B2층,02-1544-0070,http://www.megabox.co.kr/
부산시,금정구,11059,메가박스 부산대,7,1065,0,7,1,0,0,상설,,가입,메가박스(주),2016-05-02,영업,직영,부산광역시 금정구 장전동 292-4 번지 라퓨타아일랜드,,http://www.megabox.co.kr
경기도,성남시,2213,롯데시네마 판교,7,1087,0,7,1,0,0,상설,,가입,롯데컬처웍스(주)롯데시네마,2021-06-12,영업,직영,경기도 성남시 수정구 시흥동 296-3 번지 파미어스몰 지하 1층 롯데시네마 판교관,02-1544-8855,www.lottecinema.co.kr
경기도,성남시,2230,롯데시네마 위례,7,1001,0,7,2,0,0,상설,,가입,롯데컬처웍스(주)롯데시네마,2017-09-01,영업,직영,경기도 성남시 수정구 창곡동 505 번지,070-7239-2200,https://www.lottecinema.co.kr
경기도,성남시,2244,롯데시네마 성남중앙,9,1234,0,9,2,0,0,상설,,가입,롯데컬처웍스(주)롯데시네마,2018-12-27,영업,직영,경기도 성남시 수정구 신흥동 4124 번지 신흥역 시네마타워 8~11층,1544-8855,https://www.lottecinema.co.kr
경상남도,김해시,7066,롯데시네마 김해부원,7,1121,0,7,2,0,0,상설,,가입,롯데컬처웍스(주)롯데시네마,2014-05-23,영업,직영,경상남도 김해시 부원동 1046 번지 아이스퀘어몰 4~5층,1544-8855,www.lottecinema.co.kr
서울시,용산구,1208,롯데시네마 용산,8,1468,0,8,5,0,0,상설,,가입,롯데컬처웍스(주)롯데시네마,2013-08-01,영업,직영,서울특별시 용산구 한강로3가 16-9 번지 용산전자랜드4~5F,1544-8855,http://www.lottecinema.co.kr/
서울시,관악구,1155,롯데시네마 신림,8,1494,0,8,6,0,0,상설,,가입,롯데컬처웍스(주)롯데시네마,2009-03-01,영업,직영,서울특별시 관악구 신림동 1641-2 번지 타임스트림 10층~15층,1544-8855,http://www.lottecinema.co.kr/
서울시,관악구,1198,롯데시네마 서울대입구,5,687,0,5,2,0,0,상설,,가입,롯데컬처웍스(주)롯데시네마,2012-12-29,영업,직영,서울특별시 관악구 봉천동 862-1 번지 에그옐로우 10층,1544-8855,http://www.lottecinema.co.kr/
충청북도,청주시,4039,롯데시네마 청주용암,8,1282,0,8,0,0,0,상설,,가입,롯데컬처웍스(주)롯데시네마,2016-11-25,영업,직영,충청북도 청주시 상당구 용암동 1703 번지,1544-8855,https://www.lottecinema.co.kr
충청북도,청주시,4031,롯데시네마 서청주(아울렛),6,1286,0,6,3,1,0,상설,,가입,롯데컬처웍스(주)롯데시네마,2012-11-09,영업,직영,충청북도 청주시 흥덕구 비하동 811 번지 롯데아울렛 4층,1544-8855,http://www.lottecinema.co.kr/
부산시,중구,11061,롯데시네마 대영,6,982,0,6,2,0,0,상설,,가입,롯데컬처웍스(주)롯데시네마,2017-03-16,영업,직영,부산광역시 중구 남포동5가 12-1 번지,02-1544-8855,www.lottecinema.co.kr
서울시,영등포구,1034,CGV 여의도,9,1135,0,9,9,1,0,상설,,가입,CJ올리브네트웍스(주),2012-08-30,영업,직영,서울특별시 영등포구 여의도동 23 번지 국제금융센터 지하3층,1544-1122,http://www.cgv.co.kr/
부산시,중구,11055,롯데시네마 광복_샤롯데,1,40,0,1,1,0,0,상설,,가입,롯데컬처웍스(주)롯데시네마,2014-08-28,영업,직영,부산광역시 중구 중앙동7가 20-1 번지 시네마동 9층,1544-8855,http://www.lottecinema.co.kr/
부산시,부산진구,11008,롯데시네마 서면(전포동),6,1232,0,7,2,0,0,상설,,가입,롯데컬처웍스(주)롯데시네마,2010-09-01,영업,직영,부산광역시 부산진구 전포동 668-1 번지 6층,1544-8855,http://www.lottecinema.co.kr/
부산시,부산진구,11009,롯데시네마 부산본점,11,2062,0,11,9,0,0,상설,,가입,롯데컬처웍스(주)롯데시네마,2001-06-16,영업,직영,부산광역시 부산진구 부전동 503-15 번지 롯데백화점 10층,1544-8855,http://www.lottecinema.co.kr/
서울시,중랑구,1159,메가박스 상봉,7,924,0,7,1,0,0,상설,,가입,메가박스(주),2009-10-01,영업,직영,서울특별시 중랑구 상봉동 130-3 번지 메가박스빌딩 4층,1544-0070,http://www.megabox.co.kr/
서울시,마포구,1146,KT&G 상상마당 Cinema,1,76,1,1,0,0,0,상설,,가입,(주)디트릭스,2011-12-05,영업,직영,"서울특별시 마포구 서교동 367-5 번지 상상마당빌딩 지하 3층, 4층",02-330-6243,https://www.sangsangmadang.com
경기도,광명시,2050,롯데시네마 광명아울렛,7,1216,0,7,2,0,0,상설,,가입,롯데컬처웍스(주)롯데시네마,2014-12-05,영업,직영,경기도 광명시 일직동 500 번지 롯데프리미엄아울렛 광명점 5층,1544-8855,https://www.lottecinema.co.kr
서울시,서대문구,1117,메가박스 신촌,8,1694,0,8,1,0,0,상설,,가입,메가박스(주),2006-09-22,영업,직영,서울특별시 서대문구 신촌동 74-12 번지,1544-0070,http://www.megabox.co.kr/
서울시,강북구,1244,롯데시네마 수유,6,852,0,6,2,0,0,상설,,가입,롯데컬처웍스(주)롯데시네마,2017-04-26,영업,위탁,서울특별시 강북구 번동 449-1 번지 10~14층,02-1544-8855,http://www.lottecinema.co.kr
인천시,부평구,15036,롯데시네마 부평역사,9,1290,0,9,4,0,0,상설,,가입,롯데컬처웍스(주)롯데시네마,2008-09-04,영업,직영,"인천광역시 부평구 부평동 738-21 번지 7,8층",1544-8855,http://www.lottecinema.co.kr/
인천시,부평구,15023,롯데시네마 부평,9,1523,0,9,4,0,0,상설,,가입,롯데컬처웍스(주)롯데시네마,2006-03-01,영업,직영,인천광역시 부평구 부평동 152-1 번지,1544-8855,http://www.lottecinema.co.kr/
서울시,중구,1151,메가박스 동대문,8,1744,0,8,0,0,0,상설,,가입,메가박스(주),2008-09-11,영업,직영,서울특별시 중구 을지로6가 18-21 번지 굿모닝시티 9층~11층,1544-0070,http://www.megabox.co.kr/
경기도,군포시,2216,롯데시네마 산본피트인,7,980,0,7,2,0,0,상설,,가입,롯데컬처웍스(주)롯데시네마,2016-05-02,영업,직영,경기도 군포시 산본동 1145-6 번지 10층 (산본동),02-1544-8855,http://www.lottecinema.co.kr
경기도,성남시,2075,CGV 판교,7,1282,0,7,4,1,1,상설,,가입,CJ올리브네트웍스(주),2015-08-20,영업,직영,경기도 성남시 분당구 백현동 541 번지 현대백화점 8층,1544-1122,www.cgv.co.kr
부산시,기장군,1211,모노플렉스 오시리아,1,74,0,1,0,0,0,상설,,가입,(주)디트릭스,2021-08-23,영업,직영,부산광역시 기장군 기장읍 시랑리 산-46 번지 오시리아테마파크 1층 모노플렉스 오시리아점,051-926-0926,https://www.monoplex.com
서울시,종로구,1099,CGV 피카디리1958,6,885,0,8,2,0,0,상설,,가입,CJ올리브네트웍스(주),2015-12-03,영업,직영,서울특별시 종로구 돈의동 137 번지,1544-1122,http://www.thepicca.co.kr/
충청남도,예산군,5056,예산시네마,2,99,0,2,1,0,0,상설,,가입,작은영화관 사회적협동조합,2017-04-12,영업,위탁,충청남도 예산군 예산읍 233-4 번지,041-335-2331,http://yesan.littlecinema.co.kr/
충청남도,천안시,5071,롯데시네마 천안불당,6,658,0,5,1,0,0,상설,,가입,롯데컬처웍스(주)롯데시네마,2021-11-18,영업,위탁,,,http://www.lottecinema.co.kr
전라북도,전주시,8233,CGV 전주에코시티,6,806,0,6,0,0,0,상설,,가입,CJ올리브네트웍스(주),2021-11-18,영업,위탁,전라북도 전주시 덕진구 송천동2가 1329-1 번지 로마네시티 현대썬앤빌 전주 4~8층 CGV,063-253-7300,http://www.cgv.co.kr/
경기도,수원시,2007,메가박스 수원,5,1129,0,5,1,0,0,상설,,가입,메가박스(주),2001-11-10,영업,위탁,경기도 수원시 권선구 권선동 1189 번지 수원버스터미널 4층,1544-0070,http://www.megabox.co.kr/
경기도,광주시,2278,CGV DRIVE IN 곤지암,1,260,0,1,0,0,0,상설,,가입,CJ올리브네트웍스(주),2021-10-23,영업,위탁,경기도 광주시 도척면 534 번지 곤지암리조트 제1주차장,02-6004-5077,
서울시,서초구,1284,CGV Salon 서초,1,26,0,1,0,0,0,상설,,가입,CJ올리브네트웍스(주),2021-11-18,영업,직영,서울특별시 서초구 서초동 1335 번지 B2층,,
경기도,안산시,2118,CGV 안산,9,1758,0,9,2,1,0,상설,,가입,CJ올리브네트웍스(주),2006-09-29,영업,직영,"경기도 안산시 단원구 고잔동 725-1 번지 (고잔동, NC백화점 A관 6층)",1544-1122,http://www.cgv.co.kr/
충청남도,천안시,5054,천안인생극장,1,170,1,1,0,0,0,상설,,가입,(주)디트릭스,2016-12-10,영업,직영,충청남도 천안시 동남구 문화동 99-1 번지 파리빌딩 지하1층,041-622-5772,
대전시,유성구,13038,메가박스 대전신세계 아트앤사이언스,7,976,0,7,0,0,0,상설,,가입,메가박스(주),2021-08-25,영업,직영,대전광역시 유성구 도룡동 3-1 번지 대전신세계 아트앤사이언스점 6~7층,02-1544-0070,http://www.megabox.co.kr/
경기도,용인시,2279,CGV 기흥,6,744,0,6,0,0,0,상설,,가입,CJ올리브네트웍스(주),2021-09-15,영업,위탁,경기도 용인시 기흥구 구갈동 679 번지 기흥ICT밸리 B동 지하2층 CGV 기흥,,
경기도,하남시,2280,하남미사 AWC,3,12,0,3,0,0,0,상설,,가입,(주)더브이엑스,2021-10-01,영업,직영,경기도 하남시 망월동 1129-4 번지 에코타워 2층 201호,,
대구시,북구,12056,CGV 대구연경,6,556,0,6,0,0,0,상설,,가입,CJ올리브네트웍스(주),2021-09-17,영업,위탁,대구광역시 북구 연경동 1078-2 번지 4층 CGV극장,053-986-6200,
부산시,부산진구,11067,CGV 서면삼정타워,8,1244,0,8,1,0,0,상설,,가입,CJ올리브네트웍스(주),2019-07-04,영업,위탁,부산광역시 부산진구 부전동 227-2 번지 서면피에스타 11층,,
경상남도,김해시,7086,CGV 김해율하,4,262,0,4,0,0,0,상설,,가입,CJ올리브네트웍스(주),2020-02-20,영업,위탁,경상남도 김해시 율하동 1347-2 번지 3층,,
부산시,해운대구,11058,CGV 해운대,6,437,0,6,3,0,0,상설,,가입,CJ올리브네트웍스(주),2015-10-22,영업,위탁,부산광역시 해운대구 우동 539-10 번지,1544-1122,
충청남도,서산시,5039,롯데시네마 서산,7,945,0,7,6,0,0,상설,,가입,롯데컬처웍스(주)롯데시네마,2011-04-28,영업,위탁,충청남도 서산시 동문동 193-1 번지,1544-8855,http://www.lottecinema.co.kr/
경기도,화성시,2277,롯데시네마 동탄_샤롯데,1,40,0,1,0,0,0,상설,,가입,롯데컬처웍스(주)롯데시네마,2021-08-18,영업,직영,경기도 화성시 오산동 967-157 번지 롯데백화점 7층 롯데시네마 동탄,02-1544-8855,www.lottecinema.co.kr
대구시,북구,12015,메가박스 북대구(칠곡),6,829,0,6,2,0,0,상설,,가입,메가박스(주),2006-12-24,영업,위탁,대구광역시 북구 동천동 895-2 번지 씨네피아 5~11층,1544-0070,http://www.megabox.co.kr/
인천시,서구,15057,메가박스 청라지젤,7,784,0,7,1,0,0,상설,,가입,메가박스(주),2017-10-25,영업,위탁,인천광역시 서구 청라동 165-12 번지 지젤M청라 4층 메가박스 청라지젤점,02-1544-0070,http://www.megabox.co.kr
서울시,서대문구,1148,아트하우스모모,2,276,2,2,1,0,0,상설,,가입,(주)디트릭스,2008-08-01,영업,위탁,서울특별시 서대문구 대현동 11-1 번지 이화여자대학교 이화캠퍼스콤플렉스(지하4층),02-747-7782,http://www.arthousemomo.com/
경상북도,포항시,6036,롯데시네마 포항,8,1528,0,8,3,0,0,상설,,가입,롯데컬처웍스(주)롯데시네마,2009-04-21,영업,위탁,경상북도 포항시 북구 대흥동 563-3 번지 3층~9층,1544-8855,http://www.lottecinema.co.kr/
서울시,성북구,1271,CGV 성신여대입구,5,768,0,5,0,0,0,상설,,가입,CJ올리브네트웍스(주),2008-09-11,영업,직영,서울특별시 성북구 동선동1가 1-2 번지 유타몰 10~12층,,http://www.cgv.co.kr
충청남도,천안시,5070,CGV 천안시청,8,964,0,8,1,0,0,상설,,가입,CJ올리브네트웍스(주),2021-07-28,영업,위탁,"충청남도 천안시 서북구 불당동 1485 번지 센트에비뉴 2층,3층, 4층",041-569-0728,www.cgv.co.kr
전라남도,목포시,9068,목포극장 1926,2,328,0,2,0,0,0,상설,,가입,예스이십사 주식회사,2020-08-05,영업,직영,전라남도 목포시 죽동 22-3 번지 1층,,
서울시,마포구,1283,CGV 연남,6,734,0,6,1,1,0,상설,,가입,CJ올리브네트웍스(주),2021-07-07,영업,직영,서울특별시 마포구 동교동 167-2 번지 LC TOWER 7~10층,1544-1122,http://www.cgv.co.kr
경기도,부천시,2113,CGV 역곡,6,451,0,6,2,0,0,상설,,가입,CJ올리브네트웍스(주),2005-12-28,영업,위탁,경기도 부천시 괴안동 113-1 번지 역곡 하이뷰 6층,1544-1122,http://www.cgv.co.kr
경기도,안양시,2214,CGV 범계,6,490,0,6,1,0,0,상설,,가입,CJ올리브네트웍스(주),2013-05-16,영업,위탁,경기도 안양시 동안구 호계동 1039-3 번지 뉴코아 아울렛 11층,1544-1122,
경기도,양주시,2202,메가박스 양주,4,338,0,4,2,0,0,상설,,가입,메가박스(주),2011-12-27,영업,위탁,"경기도 양주시 광사동 651-1 번지 해동월드타워 9층 1,2,3호 10층 1,2,3,4호",1544-0070,http://www.megabox.co.kr
경상북도,영천시,6074,영천공설시장 별빛영화관,1,76,0,1,0,0,0,상설,,가입,(주)씨네큐,2017-10-12,영업,직영,경상북도 영천시 완산동 982-34 번지 영철공설시장 2층 202호,054-338-7053,https://www.cineq.co.kr
인천시,연수구,15065,CGV DRIVE IN 스퀘어원,1,200,0,1,0,0,0,상설,,가입,CJ올리브네트웍스(주),2021-06-25,영업,위탁,인천광역시 연수구 동춘동 926 번지 스퀘어원,,
부산시,강서구,11070,롯데시네마 부산명지,7,810,0,7,1,0,0,상설,,가입,롯데컬처웍스(주)롯데시네마,2021-07-01,영업,위탁,부산광역시 강서구 명지동 3432-3 번지 부산대방디엠시티 센텀오션2차 2층,02-1544-8855,www.lottecinema.co.kr
인천시,남구,15066,CGV 인천도화,6,536,0,6,0,0,0,상설,,가입,CJ올리브네트웍스(주),2021-06-24,영업,위탁,인천광역시 남구 도화동 1011 번지,032-866-2006,https://www.cgv.co.kr
경기도,남양주시,2035,롯데시네마 마석,2,172,0,2,2,0,0,상설,,가입,롯데컬처웍스(주)롯데시네마,2013-06-27,영업,직영,경기도 남양주시 화도읍 255-24 번지 롯데마트 마석점,1544-8855,www.lottecinema.co.kr
부산시,기장군,11069,롯데시네마 드라이브 오시리아,2,308,0,2,0,0,0,상설,,가입,롯데컬처웍스(주)롯데시네마,2021-06-10,영업,위탁,부산광역시 기장군 기장읍 시랑리 산-46 번지,,
부산시,북구,11052,메가박스 덕천,9,690,0,9,1,0,0,상설,,가입,메가박스(주),2013-04-29,영업,위탁,부산광역시 북구 덕천동 398-2 번지,1544-0070,http://www.megabox.co.kr/
강원도,삼척시,3203,삼척 가람영화관,3,268,0,3,2,0,0,상설,,가입,(주)디트릭스,2016-09-08,영업,위탁,강원도 삼척시 성남동 173-3 번지,033-575-7053,http://samcheok.scinema.org/
강원도,강릉시,1194,CGV 강릉,9,1619,0,10,3,0,0,상설,,가입,CJ올리브네트웍스(주),2012-06-14,영업,직영,강원도 강릉시 옥천동 189 번지 씨네몰 6~8층,1544-1122,http://www.cgv.co.kr/
강원도,원주시,3046,CGV 원주,10,1947,0,11,3,0,0,상설,,가입,CJ올리브네트웍스(주),2012-09-06,영업,직영,강원도 원주시 단계동 877-1 번지,1544-1122,http://www.cgv.co.kr/
인천시,연수구,15043,CGV 인천연수,7,1543,0,7,2,0,0,상설,,가입,CJ올리브네트웍스(주),2012-10-05,영업,직영,인천광역시 연수구 동춘동 926 번지 스퀘어원 쇼핑몰 4층,1544-1122,http://www.cgv.co.kr/
강원도,속초시,3215,롯데시네마 속초,5,516,0,5,1,0,0,상설,,가입,롯데컬처웍스(주)롯데시네마,2021-04-30,영업,위탁,강원도 속초시 금호동 473-235 번지 속초센텀마크 3층 롯데시네마,,http://www.lottecinema.co.kr
충청북도,보은군,4049,씨네Q 보은,2,91,0,2,1,0,0,상설,,가입,(주)씨네큐,2021-04-30,영업,직영,충청북도 보은군 보은읍 116-1 번지,070-5117-5819,
부산시,북구,11019,CGV 화명,7,756,0,7,2,0,0,상설,,가입,CJ올리브네트웍스(주),2013-07-01,영업,직영,부산광역시 북구 화명동 2275-1 번지 센추리빌딩,1544-1122,http://www.cgv.co.kr
경상남도,김해시,7031,CGV 김해,9,1531,0,9,4,1,0,상설,,가입,CJ올리브네트웍스(주),2005-03-12,영업,직영,경상남도 김해시 내동 1131-4 번지 휴앤락몰 4층,1544-1122,http://www.cgv.co.kr
서울시,강동구,1230,CGV 천호,6,1240,0,6,4,0,1,상설,,가입,CJ올리브네트웍스(주),2015-07-08,영업,직영,서울특별시 강동구 천호동 42 번지 홈플러스 4층,1544-1122,www.cgv.co.kr
서울시,중구,1057,CGV 명동,5,736,0,5,4,0,0,상설,,가입,CJ올리브네트웍스(주),2001-12-23,영업,직영,서울특별시 중구 명동2가 83-5 번지 아바타빌딩 8층,1544-1122,http://www.cgv.co.kr
서울시,중구,1247,CGV 동대문,6,676,0,6,3,0,0,상설,,가입,CJ올리브네트웍스(주),2017-12-19,영업,직영,서울특별시 중구 을지로6가 17-2 번지,,
서울시,강북구,1257,CGV 수유,9,972,0,9,0,0,0,상설,,가입,CJ올리브네트웍스(주),2018-03-23,영업,직영,서울특별시 강북구 수유동 168-12 번지,,
서울시,강북구,1124,CGV 미아,6,692,0,6,3,0,0,상설,,가입,CJ올리브네트웍스(주),2007-04-01,영업,직영,서울특별시 강북구 미아동 35-4 번지 트레지오쇼핑몰 9층,1544-1122,http://www.cgv.co.kr/
부산시,남구,11034,CGV 대연,8,1171,0,8,4,0,0,상설,,가입,CJ올리브네트웍스(주),2007-09-12,영업,직영,부산광역시 남구 대연동 73-15 번지 5층,1544-1122,http://www.cgv.co.kr/
광주시,동구,16047,CGV 광주금남로,9,955,0,9,2,0,0,상설,,가입,CJ올리브네트웍스(주),2019-04-26,영업,직영,광주광역시 동구 불로동 1-21 번지 2층,,
부산시,해운대구,11044,CGV 센텀시티,8,2062,0,8,4,1,0,상설,,가입,CJ올리브네트웍스(주),2009-03-03,영업,직영,부산광역시 해운대구 우동 1495 번지 신세계백화점 서관 7층,1544-1122,http://www.cgv.co.kr
서울시,중랑구,1236,CGV 상봉,7,1167,0,7,3,1,0,상설,,가입,CJ올리브네트웍스(주),2016-02-25,영업,직영,서울특별시 중랑구 상봉동 501 번지 상봉듀오트리스 B2F,1544-1122,
경기도,김포시,2273,CGV 김포,6,806,0,6,0,0,0,상설,,가입,CJ올리브네트웍스(주),2021-04-28,영업,직영,경기도 김포시 풍무동 202-1 번지 5층,,
경기도,남양주시,2272,롯데시네마 별내,5,775,0,5,1,0,0,상설,,가입,롯데컬처웍스(주)롯데시네마,2021-05-01,영업,직영,경기도 남양주시 별내동 1005 번지 지하 1~2층,02-1544-8855,http://www.lottecinema.co.kr
서울시,용산구,1245,CINE de CHEF 용산아이파크몰,2,114,0,4,2,0,0,상설,,가입,CJ올리브네트웍스(주),2017-06-30,영업,직영,서울특별시 용산구 한강로3가 40-999 번지 아이파크몰 6층,,
서울시,용산구,1088,CGV 용산아이파크몰,21,5226,0,21,7,1,1,상설,,가입,CJ올리브네트웍스(주),2004-10-08,영업,직영,서울특별시 용산구 한강로3가 40-999 번지 아이파크몰 6층,1544-1122,http://www.cgv.co.kr/
경기도,고양시,2210,메가박스 백석,7,1222,0,8,3,0,0,상설,,가입,메가박스(주),2012-12-22,영업,직영,경기도 고양시 일산동구 중앙로 1036,1544-0070,http://www.megabox.co.kr/
경기도,화성시,2234,CGV 동탄역,7,1026,0,7,2,1,0,상설,,가입,CJ올리브네트웍스(주),2018-03-28,영업,직영,경기도 화성시 오산동 967-164 번지,010-3409-5303,
전라남도,보성군,9066,보성 작은영화관,2,96,0,2,2,0,0,상설,,가입,(주)유유코리아,2019-04-05,영업,위탁,전라남도 보성군 보성읍 2-27 번지,061-852-7050,http://boseong.petitecine.com/
전라남도,장흥군,9051,정남진시네마,2,99,0,2,1,0,0,상설,,가입,(주)유유코리아,2015-10-19,영업,위탁,전라남도 장흥군 장흥읍 318-2 번지 장흥국민체육센터 4층,061-862-7053,http://jangheung.petitecine.com/
경기도,용인시,2246,롯데시네마 용인역북,7,1002,0,7,2,0,0,상설,,가입,롯데컬처웍스(주)롯데시네마,2019-01-16,영업,직영,경기도 용인시 처인구 역북동 510-3 번지 5층 롯데시네마 사무실,,
경상북도,영주시,6077,롯데시네마 영주,6,909,0,6,2,0,0,상설,,가입,롯데컬처웍스(주)롯데시네마,2018-03-09,영업,위탁,,054-634-3000,
경기도,안양시,2019,롯데시네마 안양(안양역),7,1114,0,7,6,0,0,상설,,가입,롯데컬처웍스(주)롯데시네마,2002-05-10,영업,직영,경기도 안양시 만안구 안양동 88-1 번지,1544-8855,http://www.lottecinema.co.kr/
경기도,용인시,2251,롯데시네마 수지,8,1331,0,8,2,0,0,상설,,가입,롯데컬처웍스(주)롯데시네마,2019-08-29,영업,직영,경기도 용인시 수지구 성복동 61-7 번지 롯데몰 수지 5층 롯데시네마,,
충청남도,천안시,5067,씨네큐 천안불당,4,317,0,4,0,0,0,상설,,가입,(주)씨네큐,2020-09-25,영업,위탁,충청남도 천안시 서북구 불당동 1616 번지 지앤지홀딩스타워 5~8층,070-5038-4565,www.cineq.co.kr
전라남도,광양시,9053,CGV 광양엘에프스퀘어,7,1204,0,7,2,0,0,상설,,가입,CJ올리브네트웍스(주),2017-01-24,영업,위탁,전라남도 광양시 광양읍 1834 번지 LF스퀘어 3층 가든동,,
충청북도,충주시,4048,CGV 충주교현,6,463,0,6,1,0,0,상설,,가입,CJ올리브네트웍스(주),2021-04-14,영업,위탁,"충청북도 충주시 교현동 539-1 번지 5,6,7,8층",070-7525-0037,http://www.cgv.co.kr
광주시,서구,16021,메가박스 광주상무,10,837,0,10,0,0,0,상설,,가입,메가박스(주),2007-08-13,영업,위탁,광주광역시 서구 치평동 1223-3 번지 4,1544-0070,http://www.megabox.co.kr/
전라북도,전주시,8054,메가박스 전주혁신,7,732,0,7,1,0,0,상설,,가입,메가박스(주),2020-11-05,영업,위탁,전라북도 전주시 덕진구 장동 1111 번지 2층,02-1544-0070,http://www.megabox.co.kr/
경기도,용인시,2262,메가박스 용인기흥,6,254,0,6,0,0,0,상설,,가입,메가박스(주),2020-05-11,영업,직영,경기도 용인시 기흥구 고매동 271 번지,02-1544-0070,http://www.megabox.co.kr/
세종시,연기군,17041,메가박스 세종청사,6,682,0,6,0,0,0,상설,,가입,메가박스(주),2020-06-01,영업,직영,세종특별자치시 북구 어진동 510 번지 엠브릿지 지하 1~2층,02-1544-0070,http://www.megabox.co.kr/
경상북도,안동시,6035,롯데시네마 프리미엄 안동,5,343,0,5,1,0,0,상설,,가입,롯데컬처웍스(주)롯데시네마,2014-04-16,영업,위탁,"경북 안동시 옥동 테마플라자 A동401, 501",1544-8855,http://lottecinama.co.kr
경상북도,경산시,6081,CGV 경산,7,561,0,7,0,0,0,상설,,가입,CJ올리브네트웍스(주),2021-04-09,영업,위탁,경상북도 경산시 중방동 897 번지 2층 CGV극장,053-812-8970,
강원도,인제군,3212,CGV 인제,3,513,0,3,0,0,0,상설,,가입,CJ올리브네트웍스(주),2018-09-22,영업,위탁,강원도 인제군 인제읍 388 번지,,
경기도,수원시,2259,CGV 광교,7,1528,0,7,2,1,1,상설,,가입,CJ올리브네트웍스(주),2020-03-20,영업,직영,경기도 수원시 영통구 하동 871-1 번지 갤러리아 백화점 광교점 10층,,
경기도,수원시,2117,CGV 북수원,10,2197,0,10,4,0,0,상설,,가입,CJ올리브네트웍스(주),2006-09-21,영업,직영,경기도 수원시 장안구 조원동 893 번지 아일렛타운 4층,1544-1122,http://www.cgv.co.kr/
광주시,광산구,16015,CGV 광주첨단,9,1219,0,12,3,1,0,상설,,가입,CJ올리브네트웍스(주),2006-01-13,영업,직영,광주광역시 광산구 쌍암동 694-35 번지,1544-1122,http://www.cgv.co.kr/
대구시,달서구,12050,CGV 대구월성,7,1247,0,7,3,0,0,상설,,가입,CJ올리브네트웍스(주),2016-11-29,영업,직영,대구광역시 달서구 월성동 1846 번지 이래타워 4층,053-609-3005,
충청북도,청주시,4024,CGV 청주성안길,8,904,0,8,0,0,0,상설,,가입,CJ올리브네트웍스(주),2008-07-24,영업,위탁,충청북도 청주시 상당구 북문로1가 170-1 번지,1544-1122,http://www.cgv.co.kr/
충청북도,청주시,4036,CGV 청주지웰시티,8,1675,0,8,3,1,0,상설,,가입,CJ올리브네트웍스(주),2014-04-24,영업,직영,"충청북도 청주시 흥덕구 복대동 288-14 번지 3,4층",1544-1122,
충청남도,홍성군,5041,CGV 홍성,6,869,0,6,2,0,0,상설,,가입,CJ올리브네트웍스(주),2011-12-22,영업,직영,충청남도 홍성군 홍성읍 1042 번지 5층,1544-1122,http://www.cgv.co.kr
충청남도,천안시,5043,CGV 천안펜타포트,11,1422,0,11,5,1,0,상설,,가입,CJ올리브네트웍스(주),2013-03-01,영업,직영,충청남도 천안시 서북구 불당동 1289 번지 펜타포트 주상복합상가 5F,1544-1122,http://www.cgv.co.kr/
충청남도,천안시,5027,CGV 천안,8,1017,0,8,4,0,0,상설,,가입,CJ올리브네트웍스(주),2007-04-01,영업,직영,충청남도 천안시 동남구 대흥동 102-10 번지 오렌지시네스타 5층,1544-1122,http://www.cgv.co.kr/
충청남도,서산시,5049,CGV 서산,8,820,0,8,2,0,0,상설,,가입,CJ올리브네트웍스(주),2015-07-29,영업,위탁,충청남도 서산시 동문동 1029-1 번지 서산 디퍼아울렛,1544-1122,
충청남도,논산시,5066,CGV 논산,5,660,0,5,1,0,0,상설,,가입,CJ올리브네트웍스(주),2020-09-24,영업,직영,충청남도 논산시 내동 452 번지 CGV타워 3층,,
제주도,제주시,10016,CGV 제주노형,6,857,0,6,2,0,0,상설,,가입,CJ올리브네트웍스(주),2017-09-13,영업,직영,제주특별자치도 제주시 노형동 1288-5 번지 노형타워 5층,,
제주도,제주시,10011,CGV 제주,8,842,0,8,3,1,0,상설,,가입,CJ올리브네트웍스(주),2006-03-30,영업,직영,제주특별자치도 제주시 이도이동 1776-3 번지 302~306호,1544-1122,http://www.cgv.co.kr/
전라북도,전주시,8051,CGV 전주효자,7,1795,0,7,4,0,1,상설,,가입,CJ올리브네트웍스(주),2014-08-28,영업,직영,전라북도 전주시 완산구 효자동1가 434 번지 Mall of Hyoja 2층,1544-1122,
전라북도,전주시,8231,CGV서전주,5,720,0,5,2,0,0,상설,,가입,CJ올리브네트웍스(주),2018-04-24,영업,직영,전라북도 전주시 완산구 효자동3가 1531-2 번지 엠스퀘어 6층~8층,,
전라남도,목포시,9025,CGV 목포,7,2343,0,8,1,0,0,상설,,가입,CJ올리브네트웍스(주),2004-12-17,영업,직영,전라남도 목포시 상동 892 번지,1544-1122,http://www.cgv.co.kr/
전라남도,나주시,9058,CGV 나주,6,665,0,6,0,0,0,상설,,가입,CJ올리브네트웍스(주),2017-09-28,영업,위탁,전라남도 나주시 빛가람동 203-3 번지 4층,,
전라남도,광양시,9054,CGV 광양,4,670,0,4,2,0,0,상설,,가입,CJ올리브네트웍스(주),2017-04-28,영업,직영,전라남도 광양시 금호동 624-24 번지 몰오브광양 2~3층,,
인천시,서구,15059,CGV 청라,7,1073,0,7,1,0,0,상설,,가입,CJ올리브네트웍스(주),2018-05-11,영업,위탁,인천광역시 서구 경서동 953-7 번지 3층 305호,032-721-5660,www.cgv.co.kr
서울시,중랑구,1281,롯데시네마 중랑,8,973,0,8,1,0,0,상설,,가입,롯데컬처웍스(주)롯데시네마,2020-10-08,영업,위탁,서울특별시 중랑구 묵동 234-1 번지 롯데시네마 중랑,02-1544-8855,www.lottecinema.co.kr
강원도,원주시,3208,롯데시네마 원주무실,8,1079,0,8,2,0,0,상설,,가입,롯데컬처웍스(주)롯데시네마,2017-06-29,영업,직영,강원도 원주시 무실동 1857-2 번지,02-1544-8855,http://www.lottecinema.co.kr
경기도,안산시,2106,롯데시네마 안산,7,1575,0,7,5,0,0,상설,,가입,롯데컬처웍스(주)롯데시네마,2005-09-06,영업,직영,경기도 안산시 상록구 성포동 590 번지,1544-8855,http://www.lottecinema.co.kr/
인천시,남구,15020,CGV 주안역,9,1004,0,9,4,0,0,상설,,가입,CJ올리브네트웍스(주),2005-02-17,영업,위탁,인천광역시 남구 주안동 30-1 번지 카라아울렛 6~10층,1544-1122,http://www.cgv.co.kr
인천시,남구,15063,CGV 인천학익,6,1012,0,6,1,0,0,상설,,가입,CJ올리브네트웍스(주),2020-07-10,영업,직영,인천광역시 남구 학익동 401-21 번지,,
인천시,계양구,15024,CGV 계양,8,1257,0,8,5,1,0,상설,,가입,CJ올리브네트웍스(주),2006-09-25,영업,직영,인천광역시 계양구 작전동 899-1 번지 8~11층,1544-1122,http://www.cgv.co.kr
울산시,북구,1269,CGV 울산진장,7,1066,0,7,3,0,0,상설,,가입,CJ올리브네트웍스(주),2018-11-30,영업,직영,울산광역시 북구 진장동 120-9 번지 2층 CGV 울산진장,,www.cgv.co.kr
울산시,북구,14017,CGV 울산신천,4,363,0,4,2,0,0,상설,,가입,CJ올리브네트웍스(주),2019-11-28,영업,직영,울산광역시 북구 신천동 51 번지 신천CGV LEEPLEX 6층,,
울산시,남구,14013,CGV 울산삼산,11,2487,0,11,7,1,1,상설,,가입,CJ올리브네트웍스(주),2013-05-01,영업,직영,울산광역시 남구 삼산동 1569-1 번지 업스퀘어 5층,1544-1122,
경상북도,상주시,6084,롯데시네마 상주,4,471,0,4,1,0,0,상설,,가입,롯데컬처웍스(주)롯데시네마,2020-01-21,영업,위탁,경상북도 상주시 서문동 140-2 번지,,www.lottecinema.co.kr
대구시,달서구,12048,롯데시네마 상인,7,1276,0,7,2,0,0,상설,,가입,롯데컬처웍스(주)롯데시네마,2015-12-17,영업,직영,대구광역시 달서구 상인동 241 번지,1544-8855,http://www.lottecinema.co.kr
서울시,양천구,1036,CGV 목동,8,1372,0,8,4,0,0,상설,,가입,CJ올리브네트웍스(주),2002-08-29,영업,직영,서울특별시 양천구 목동 916 번지 현대백화점 지하2층,1544-1122,http://www.cgv.co.kr
서울시,성동구,1154,CGV 왕십리,10,1770,0,10,9,1,1,상설,,가입,CJ올리브네트웍스(주),2008-12-24,영업,직영,서울특별시 성동구 행당동 168-151 번지 (왕십리 민자역사 5층),1544-1122,http://www.cgv.co.kr
경상남도,사천시,7071,롯데시네마 사천,6,607,0,6,1,0,0,상설,,가입,롯데컬처웍스(주)롯데시네마,2015-09-15,영업,위탁,경상남도 사천시 사천읍 331 번지,,
서울시,노원구,1216,CGV 하계,4,916,0,4,3,0,0,상설,,가입,CJ올리브네트웍스(주),2013-09-12,영업,직영,서울특별시 노원구 중계동 506-1 번지 건영백화점 지하1층,1544-1122,cgv.co.kr
서울시,노원구,1203,CGV 중계,7,1090,0,7,3,1,0,상설,,가입,CJ올리브네트웍스(주),2013-04-25,영업,직영,서울특별시 노원구 중계동 509-2 번지,1544-1122,
서울시,강서구,1270,CGV 등촌,8,1217,0,8,4,0,0,상설,,가입,CJ올리브네트웍스(주),2019-01-30,영업,직영,서울특별시 강서구 등촌동 639-23 번지 브릭시티몰 3층 CGV 등촌,,http://www.cgv.co.kr
부산시,해운대구,11046,CINE de CHEF 센텀,2,90,0,2,2,0,0,상설,,가입,CJ올리브네트웍스(주),2009-03-03,영업,직영,부산광역시 해운대구 우1동 1495 번지 신세계백화점서관 7층,1544-1122,http://www.cgv.co.kr
서울시,강남구,1128,CINE de CHEF 압구정,2,78,0,2,2,0,0,상설,,가입,CJ올리브네트웍스(주),2007-08-01,영업,직영,서울특별시 강남구 신사동 602 번지,1544-1122,http://www.cgv.co.kr/
서울시,강남구,1123,CGV 강남,7,974,0,7,4,0,0,상설,,가입,CJ올리브네트웍스(주),2007-02-08,영업,직영,서울특별시 강남구 역삼동 814-6 번지 스타플렉스 4층~11층,1544-1122,http://www.cgv.co.kr/
부산시,연제구,11045,CGV 아시아드,8,1383,0,8,4,1,0,상설,,가입,CJ올리브네트웍스(주),2009-03-01,영업,직영,부산광역시 연제구 거제2동 1208 번지 홈플러스,1544-1122,http://www.cgv.co.kr/
부산시,사하구,11053,CGV 하단아트몰링,7,888,0,7,1,0,0,상설,,가입,CJ올리브네트웍스(주),2017-03-03,영업,위탁,부산광역시 사하구 하단동 526-6 번지 하단동 CGV하단,,
부산시,동래구,11027,CGV 동래,9,1385,0,9,3,0,0,상설,,가입,CJ올리브네트웍스(주),2006-10-24,영업,직영,부산광역시 동래구 온천동 153-8 번지 SK허브스카이 6층,1544-1122,http://www.cgv.co.kr
대전시,중구,13012,CGV 대전,9,1880,1,9,7,1,1,상설,,가입,CJ올리브네트웍스(주),2001-08-18,영업,직영,대전광역시 중구 문화동 1-16 번지 세이백화점 별관 6층,1544-1122,http://www.cgv.co.kr/
대전시,서구,13034,CGV 대전가수원,5,1016,0,5,1,0,0,상설,,가입,CJ올리브네트웍스(주),2019-08-30,영업,위탁,대전광역시 서구 가수원동 1042 번지,042-545-0038,
대전시,동구,13026,CGV 대전터미널,7,1464,0,8,2,1,0,상설,,가입,CJ올리브네트웍스(주),2011-12-22,영업,직영,대전광역시 동구 용전동 63-3 번지,1544-1122,http://www.cgv.co.kr
대구시,중구,12043,CGV 대구한일,6,1085,0,6,2,0,0,상설,,가입,CJ올리브네트웍스(주),2012-12-28,영업,직영,대구광역시 중구 동성로2가 88-22 번지 엑슨밀라노 7층,1544-1122,http://www.cgv.co.kr
대구시,수성구,12034,CGV 대구스타디움,10,1458,0,10,6,1,0,상설,,가입,CJ올리브네트웍스(주),2011-09-06,영업,직영,대구광역시 수성구 대흥동 504 번지,1544-1122,http://www.cgv.co.kr
대구시,북구,12022,CGV 대구칠곡,7,1099,0,7,2,0,0,상설,,가입,CJ올리브네트웍스(주),2007-10-31,영업,위탁,대구광역시 북구 동천동 894-1 번지,1544-1122,http://www.cgv.co.kr/
광주시,동구,16042,CGV 광주충장로,5,719,0,5,0,0,0,상설,,가입,CJ올리브네트웍스(주),2017-01-26,영업,위탁,광주광역시 동구 충장로4가 29-2 번지 CGV광주충장로,,
경상북도,포항시,6030,CGV 북포항,8,1007,0,8,2,0,0,상설,,가입,CJ올리브네트웍스(주),2009-07-29,영업,위탁,경상북도 포항시 북구 덕산동 235-4 번지,1544-1122,http://www.cgv.co.kr
경상남도,창원시 의창구,7052,CGV 창원더시티,6,1178,0,6,2,0,1,상설,,가입,CJ올리브네트웍스(주),2008-06-20,영업,직영,경상남도 창원시 의창구 대원동 122 번지 더시티세븐 3층,1544-1122,http://www.cgv.co.kr
경상남도,창원시 의창구,7025,CGV 창원,6,1105,0,6,2,1,0,상설,,가입,CJ올리브네트웍스(주),2004-06-19,영업,직영,경상남도 창원시 의창구 팔용동 30-1 번지 뉴코아아울렛 9층~11층,1544-1122,http://www.cgv.co.kr
경상남도,창원시 성산구,7091,CGV 창원상남,5,593,0,5,1,0,0,상설,,가입,CJ올리브네트웍스(주),2020-10-22,영업,직영,경상남도 창원시 성산구 상남동 77-4 번지,,
경상남도,진주시,7090,CGV 진주혁신,7,724,0,7,1,0,0,상설,,가입,CJ올리브네트웍스(주),2020-09-28,영업,위탁,"경상남도 진주시 충무공동 225-1 번지 어반스퀘어 4,5층",,
경상남도,양산시,7085,CGV 양산삼호,3,411,0,3,0,0,0,상설,,가입,CJ올리브네트웍스(주),2019-12-30,영업,위탁,경상남도 양산시 삼호동 1010-3 번지 6층 CGV양산삼호점,,
경상남도,거제시,7037,CGV 거제,7,1223,0,7,1,0,0,상설,,가입,CJ올리브네트웍스(주),2006-09-28,영업,직영,경상남도 거제시 장평동 1211 번지 디큐브 백화점 6층,1544-1122,http://www.cgv.co.kr/
경기도,화성시,2256,CGV 동탄호수공원,6,640,0,6,3,0,0,상설,,가입,CJ올리브네트웍스(주),2020-01-16,영업,직영,경기도 화성시 무송동 681-535 번지 레이크꼬모 B2층(송동),,
대전시,서구,13035,롯데시네마 대전관저,7,1067,0,7,0,0,0,상설,,가입,롯데컬처웍스(주)롯데시네마,2019-11-21,영업,직영,대전광역시 서구 관저동 1735 번지 디펠리체 5층 롯데시네마,02-1544-8855,http://www.lottecinema.co.kr
충청남도,당진군,5068,롯데시네마 당진,7,704,0,7,0,0,0,상설,,가입,롯데컬처웍스(주)롯데시네마,2020-12-10,영업,위탁,"충청남도 당진시 수청동 1041 번지 7,8,9층",070-1811-7707,
대전시,서구,13032,롯데시네마 대전센트럴,7,859,0,7,3,0,0,상설,,가입,롯데컬처웍스(주)롯데시네마,2018-07-19,영업,직영,대전광역시 서구 둔산동 1279 번지,1544-8855,www.lottecinema.co.kr
서울시,강남구,1277,롯데시네마 도곡,7,847,0,7,2,0,0,상설,,가입,롯데컬처웍스(주)롯데시네마,2020-06-11,영업,직영,서울특별시 강남구 도곡동 174-3 번지 롯데시네마 도곡,02-3470-3493,www.lottecinema.co.kr
경기도,하남시,2243,CGV 스타필드시티위례,6,881,0,6,2,0,0,상설,,가입,CJ올리브네트웍스(주),2018-12-14,영업,직영,경기도 하남시 학암동 660 번지 스타필드시티위례 5층,,www.cgv.co.kr
경기도,포천시,2263,CGV 포천,5,415,0,5,1,0,0,상설,,가입,CJ올리브네트웍스(주),2020-06-10,영업,위탁,"경기도 포천시 소흘읍 110-3 번지 4,5층",,
경기도,파주시,2266,CGV 파주야당,5,414,0,5,1,0,0,상설,,가입,CJ올리브네트웍스(주),2020-07-31,영업,위탁,경기도 파주시 야당동 1066 번지 601호,,
경기도,이천시,2061,CGV 이천,10,1143,0,10,4,0,0,상설,,가입,CJ올리브네트웍스(주),2015-01-05,영업,위탁,경기도 이천시 중리동 201-1 번지,1544-1122,
경기도,의정부시,1192,CGV 의정부,8,1523,0,10,4,0,1,상설,,가입,CJ올리브네트웍스(주),2012-04-20,영업,직영,경기도 의정부시 의정부동 168 번지,1544-1122,http://www.cgv.co.kr/
경기도,오산시,2253,CGV 오산중앙,8,552,0,8,1,0,0,상설,,가입,CJ올리브네트웍스(주),2019-11-21,영업,위탁,경기도 오산시 원동 124-3 번지,,
경기도,양주시,2260,CGV 양주옥정,7,724,0,7,3,0,0,상설,,가입,CJ올리브네트웍스(주),2020-04-01,영업,직영,"경기도 양주시 옥정동 963-12 번지 7~8층 (옥정동, 씨네마엠디프라자)",,
경기도,시흥시,2233,CGV 배곧,6,853,0,6,1,0,0,상설,,가입,CJ올리브네트웍스(주),2017-12-29,영업,직영,경기도 시흥시 정왕동 2537-2 번지 베니스스퀘어 7층,,
경기도,시흥시,2169,CGV 시흥,4,462,0,4,2,0,0,상설,,가입,CJ올리브네트웍스(주),2008-01-24,영업,위탁,경기도 시흥시 대야동 568-1 번지,1544-1122,http://www.cgv.co.kr/
경기도,수원시,2006,CGV 수원,8,2189,0,8,5,1,1,상설,,가입,CJ올리브네트웍스(주),2003-02-17,영업,직영,"경기도 수원시 팔달구 매산로1가 18 번지 (매산로1가, 수원역사 6층)",1544-1122,http://www.cgv.co.kr/
경기도,수원시,2116,CGV 동수원,8,1251,0,8,4,1,0,상설,,가입,CJ올리브네트웍스(주),2006-09-20,영업,직영,경기도 수원시 팔달구 인계동 1113-11 번지 씨네파크 7층,1544-1122,http://www.cgv.co.kr/
경기도,성남시,2011,CGV 야탑,8,1326,0,8,5,0,0,상설,,가입,CJ올리브네트웍스(주),2000-04-01,영업,직영,경기도 성남시 분당구 야탑동 341 번지 테마폴리스 B2F,1544-1122,http://www.cgv.co.kr/
경기도,김포시,2041,CGV 김포한강,4,478,0,4,1,0,0,상설,,가입,CJ올리브네트웍스(주),2014-02-25,영업,위탁,경기도 김포시 걸포동 1574-3 번지,1544-1122,http://www.cgv.co.kr/
경기도,고양시,2126,CGV 일산,9,1704,0,9,6,1,1,상설,,가입,CJ올리브네트웍스(주),2007-03-28,영업,직영,"경기도 고양시 일산동구 장항동 868 번지 (장항동, 웨스턴돔 3층)",1544-1122,http://www.cgv.co.kr/
경기도,고양시,2261,CGV 고양행신,6,658,0,6,1,0,0,상설,,가입,CJ올리브네트웍스(주),2020-04-01,영업,직영,경기도 고양시 덕양구 행신동 762-2 번지 5층 (행신동),,
강원도,춘천시,3039,CGV 춘천,12,1714,0,14,5,0,1,상설,,가입,CJ올리브네트웍스(주),2008-02-28,영업,직영,강원도 춘천시 퇴계동 1017 번지,1544-1122,www.cgv.co.kr
경상남도,하동군,7092,씨네큐 알프스 하동,1,152,0,1,1,0,0,상설,,가입,(주)씨네큐,2020-12-16,영업,직영,경상남도 하동군 하동읍 237-13 번지 CINEQ 알프스 하동 3~4층,02-6978-5709,www.cineq.co.kr
경상북도,칠곡군,6082,칠곡호이영화관(씨네Q),2,94,0,2,1,0,0,상설,,가입,(주)씨네큐,2018-12-22,영업,직영,경상북도 칠곡군 석적읍 608 번지 칠곡호이영화관 및 청소년문화의 집,054-977-7053,http://www.cineq.co.kr
전라남도,영광군,9071,영광 작은영화관,2,109,0,2,1,0,0,상설,,가입,(주)디트릭스,2021-03-04,영업,직영,전라남도 영광군 영광읍 76 번지 영광 작은영화관,061-350-5693,https://yeonggwang.scinema.org/
경상북도,안동시,6019,안동중앙시네마,1,144,0,1,0,0,0,상설,,가입,(주)디트릭스,,영업,직영,경상북도 안동시 삼산동 140-5 번지 3층,054-854-5500,http://
강원도,양양군,3213,양양 작은영화관,2,94,0,2,1,0,0,상설,,가입,(주)디트릭스,2019-06-18,영업,직영,"강원도 양양군 양양읍 210-36 번지 3층, 4층",033-673-7050,http://yangyang.scinema.org/
충청남도,태안군,5057,태안시네마,2,99,0,2,1,0,0,상설,,가입,문화인,2017-09-25,영업,직영,충청남도 태안군 태안읍 8-2 번지 동문리,041-673-2192,http://www.taeancinema.com/
경기도,의정부시,2040,CGV 의정부태흥,10,1528,0,10,2,0,0,상설,,가입,CJ올리브네트웍스(주),2014-01-23,영업,직영,"경기도 의정부시 의정부동 494 번지 센트럴타워 14,15층",1544-1122,
서울시,강남구,1169,메가박스 강남대로(씨티),4,719,0,4,2,0,0,상설,,가입,메가박스(주),2016-06-09,영업,위탁,서울특별시 강남구 역삼동 816 번지,,
대전시,유성구,7068,메가박스 대전유성,5,923,0,5,2,0,0,상설,,가입,메가박스(주),2015-03-16,영업,직영,대전광역시 유성구 봉명동 1016-7 번지 센트럴프라자,02-1544-0070,http://www.megabox.co.kr/
경기도,하남시,2270,CGV 하남미사,7,875,0,7,0,0,0,상설,,가입,CJ올리브네트웍스(주),2020-12-10,영업,위탁,경기도 하남시 망월동 1100 번지 힐스테이트 미사역 그랑파사쥬 3층 3074호,031-795-6344,
경상북도,영양군,6068,영양 작은영화관,1,94,0,1,0,0,0,상설,,가입,(주)디트릭스,2016-03-30,영업,직영,경상북도 영양군 영양읍 2-15 번지 영양문화원 2층,054-683-7053,http://yyg.scinema.org/
경기도,파주시,2219,헤이리시네마,1,30,0,1,0,0,0,상설,,가입,(주)디트릭스,2016-06-22,영업,직영,경기도 파주시 탄현면 1652-26 번지,031-942-1031,www.hcine.kr
서울시,종로구,1237,에무 시네마 앤 카페,2,102,0,2,0,0,0,상설,,가입,(주)디트릭스,2016-05-05,영업,직영,서울특별시 종로구 신문로2가 1-181 번지 복합문화공간에무,02-730-5604,http://emuartspace.com/
서울시,노원구,1240,더숲 아트시네마,2,82,0,2,0,0,0,상설,,가입,(주)디트릭스,2016-12-07,영업,직영,서울특별시 노원구 상계동 727-1 번지 조광빌딩 지하 1층,02-951-0206,
경기도,평택시,2175,롯데시네마 송탄,5,932,0,5,1,0,0,상설,,가입,롯데컬처웍스(주)롯데시네마,2008-09-06,영업,직영,경기도 평택시 서정동 818-36 번지,1544-8855,http://www.lottecinema.co.kr/
경기도,수원시,2249,롯데시네마 서수원,6,791,0,6,1,0,0,상설,,가입,롯데컬처웍스(주)롯데시네마,2019-07-16,영업,직영,경기도 수원시 권선구 금곡동 1114-1 번지 리더스빌딩 10층,02-1544-8855,
부산시,해운대구,11025,롯데시네마 프리미엄 해운대(장산역),10,827,0,10,2,0,0,상설,,가입,롯데컬처웍스(주)롯데시네마,2013-12-31,영업,위탁,부산광역시 해운대구 좌동 1479-1 번지 웅신시네아트7층,1544-8855,http://www.lottecinema.co.kr/
충청남도,홍성군,5058,메가박스 홍성내포,5,657,0,5,1,0,0,상설,,가입,메가박스(주),2017-09-27,영업,위탁,충청남도 홍성군 홍북읍 555 번지 6층 메가박스 홍성내포점,02-1544-0070,http://www.megabox.co.kr/
서울시,마포구,1272,메가박스 홍대,5,726,0,5,0,0,0,상설,,가입,메가박스(주),2019-09-25,영업,직영,서울특별시 마포구 동교동 160-4 번지,02-1544-0070,http://www.megabox.co.kr/
전라남도,순천시,9029,메가박스 순천,7,920,0,7,7,0,0,상설,,가입,메가박스(주),2006-04-28,영업,위탁,전라남도 순천시 덕암동 151 번지 701호,1544-0070,http://www.megabox.co.kr/
충청북도,제천시,4001,메가박스 제천,7,1200,0,7,3,0,0,상설,,가입,메가박스(주),2004-12-16,영업,위탁,충청북도 제천시 남천동 1145 번지,1544-0070,http://www.megabox.co.kr/
강원도,속초시,3025,메가박스 속초,5,585,0,5,2,0,0,상설,,가입,메가박스(주),2007-02-10,영업,위탁,강원도 속초시 조양동 1506-1 번지,1544-0070,http://www.megabox.co.kr/
울산시,중구,14009,메가박스 울산,8,1141,0,8,1,0,0,상설,,가입,메가박스(주),2004-12-23,영업,직영,울산광역시 중구 성남동 251-8 번지,1544-0070,http://www.megabox.co.kr/
대전시,서구,13017,메가박스 대전,8,1333,0,8,3,0,0,상설,,가입,메가박스(주),2004-11-15,영업,직영,대전광역시 서구 탄방동 746 번지 5층,1544-0070,http://www.megabox.co.kr/
대전시,중구,13033,메가박스 대전중앙로,8,1124,0,8,0,0,0,상설,,가입,메가박스(주),2019-04-15,영업,직영,대전광역시 중구 대흥동 205-1 번지,02-1544-0070,http://www.megabox.co.kr/
광주시,광산구,16022,메가박스 광주하남,10,918,0,10,2,0,0,상설,,가입,메가박스(주),2007-08-13,영업,위탁,광주광역시 광산구 우산동 1587-1 번지,1544-0070,http://www.megabox.co.kr/
광주시,광산구,16035,메가박스 첨단,9,1157,0,9,2,0,0,상설,,가입,메가박스(주),2012-01-15,영업,위탁,광주광역시 광산구 쌍암동 688-4 번지,1544-0070,http://www.megabox.co.kr/
경상남도,김해시,7077,CGV 김해장유,6,968,0,6,1,0,0,상설,,가입,CJ올리브네트웍스(주),2017-01-25,영업,위탁,경상남도 김해시 대청동 302-5 번지 CGV 김해장유,,
경상남도,진주시,7030,롯데시네마 프리미엄 진주,9,907,0,9,2,0,0,상설,,가입,롯데컬처웍스(주)롯데시네마,2004-12-02,영업,위탁,경상남도 진주시 중안동 12-13 번지,1544-8855,http://www.lottecinema.co.kr/
경상북도,구미시,6043,CGV 구미,10,1346,0,10,4,0,0,상설,,가입,CJ올리브네트웍스(주),2006-12-18,영업,위탁,경상북도 구미시 원평동 68-1 번지,1544-1122,http://www.cgv.co.kr
경상북도,안동시,6057,CGV 안동,6,674,0,6,2,0,0,상설,,가입,CJ올리브네트웍스(주),2014-10-01,영업,위탁,경상북도 안동시 용상동 1426-1 번지 CGV 안동 3층,1544-1122,http://www.cgv.co.kr/
경상북도,김천시,6069,CGV 김천율곡,5,816,0,5,1,0,0,상설,,가입,CJ올리브네트웍스(주),2016-10-25,영업,위탁,경상북도 김천시 율곡동 1123 번지 더스퀘어 3층,,
인천시,서구,15051,메가박스검단,5,771,0,5,1,0,0,상설,,가입,메가박스(주),2015-09-21,영업,위탁,인천광역시 서구 당하동 1098-5 번지 4층 403호(당하동),032-565-5660,www.megabox.co.kr
인천시,남동구,15052,메가박스 인천논현,8,1221,0,8,0,0,0,상설,,가입,메가박스(주),2015-10-08,영업,위탁,인천광역시 남동구 논현동 747-1 번지 라피에스타 6층,1544-0070,http://www.megabox.co.kr/
경상남도,창원시 마산합포구,7084,롯데시네마 프리미엄 경남대,6,348,0,6,2,0,0,상설,,가입,롯데컬처웍스(주)롯데시네마,2019-04-10,영업,위탁,경상남도 창원시 마산합포구 월남동5가 4-1 번지 롯데시네마 프리미엄 경남대,055-1544-8855,http://lottecinama.co.kr
경상북도,구미시,6038,롯데시네마 구미공단,8,1204,0,8,1,0,0,상설,,가입,롯데컬처웍스(주)롯데시네마,2006-04-27,영업,직영,"경상북도 구미시 공단동 253-2 번지 4층일부,5~7층전체",1544-8855,http://www.lottecinema.co.kr/
경상북도,구미시,6079,롯데시네마 프리미엄구미센트럴,7,513,0,7,1,0,0,상설,,가입,롯데컬처웍스(주)롯데시네마,2018-08-08,영업,위탁,경상북도 구미시 원평동 147-9 번지 5층 롯데시네마 사무실,1544-8855,
경상북도,경주시,6062,롯데시네마 경주,2,279,0,2,0,0,0,상설,,가입,롯데컬처웍스(주)롯데시네마,2012-01-13,영업,위탁,경상북도 경주시 노동동 73-2 번지 2층,1544-8855,http://www.lottecinema.co.kr/
전라북도,전주시,8020,롯데시네마 전주(백화점),8,1632,0,8,6,0,0,상설,,가입,롯데컬처웍스(주)롯데시네마,2004-05-28,영업,직영,전라북도 전주시 완산구 서신동 971 번지 롯데백화점 7층,1544-8855,http://www.lottecinema.co.kr/
서울시,송파구,1241,메가박스송파파크하비오,9,1007,0,9,1,0,0,상설,,가입,메가박스(주),2016-12-23,영업,위탁,서울특별시 송파구 문정동 618 번지 204동 지하1층,02-1544-0070,http://www.megabox.co.kr/
경기도,화성시,2119,롯데시네마 병점,8,1098,0,8,2,0,0,상설,,가입,롯데컬처웍스(주)롯데시네마,2006-09-28,영업,직영,경기도 화성시 병점동 844-1 번지,1544-8855,http://www.lottecinema.co.kr/
광주시,동구,16040,롯데시네마 충장로,9,693,0,9,2,0,0,상설,,가입,롯데컬처웍스(주)롯데시네마,2013-12-19,영업,위탁,광주광역시 동구 황금동 12-2 번지,1544-8855,http://www.lottecinema.co.kr/
대구시,동구,12032,롯데시네마 대구율하,6,1394,0,6,3,0,0,상설,,가입,롯데컬처웍스(주)롯데시네마,2010-07-15,영업,직영,대구광역시 동구 율하동 1117 번지,1544-8855,http://www.lottecinema.co.kr/
서울시,성동구,1274,메가박스 성수,7,1041,0,7,0,0,0,상설,,가입,메가박스(주),2019-11-08,영업,직영,서울특별시 성동구 성수동1가 656-335 번지,02-1544-0070,http://www.megabox.co.kr/
경기도,안산시,2107,롯데시네마 안산(롯데마트)_Charlotte관,1,32,0,1,1,0,0,상설,,가입,롯데컬처웍스(주)롯데시네마,2005-09-07,영업,직영,경기도 안산시 상록구 성포동 590 번지 롯데마트 안산점 4층,1544-8855,http://www.lottecinema.co.kr/
경기도,안산시,2068,롯데시네마 안산고잔,7,1788,0,7,0,0,0,상설,,가입,롯데컬처웍스(주)롯데시네마,2015-07-17,영업,직영,경기도 안산시 단원구 고잔동 717-2 번지,,
경기도,부천시,2187,롯데시네마 부천(신중동역),8,1297,0,8,3,0,0,상설,,가입,롯데컬처웍스(주)롯데시네마,2011-04-06,영업,직영,경기도 부천시 원미구 중동 1141-2 번지,1544-8855,http://www.lottecinema.co.kr/
경기도,안양시,2205,롯데시네마 평촌(범계역)_Charlotte관,1,30,0,1,1,0,0,상설,,가입,롯데컬처웍스(주)롯데시네마,2012-03-29,영업,직영,경기도 안양시 동안구 호계동 1039 번지,1544-8855,http://www.lottecinema.co.kr/
대전시,서구,13028,롯데시네마 대전둔산(월평동),10,1669,0,10,3,0,0,상설,,가입,롯데컬처웍스(주)롯데시네마,2014-05-31,영업,직영,대전광역시 서구 월평동 243 번지,1544-8855,http://www.lottecinema.co.kr/
대전시,서구,13007,롯데시네마 대전(백화점),8,1144,0,8,4,0,0,상설,,가입,롯데컬처웍스(주)롯데시네마,2000-05-05,영업,직영,대전광역시 서구 괴정동 423-1 번지,1544-8855,http://www.lottecinema.co.kr/
광주시,동구,16037,롯데시네마 광주(백화점)_Charlotte관,1,30,0,1,0,0,0,상설,,가입,롯데컬처웍스(주)롯데시네마,2000-07-01,영업,직영,광주광역시 동구 대인동 7-1 번지,1544-8855,http://www.lottecinema.co.kr/
광주시,동구,16014,롯데시네마 광주(백화점),5,994,0,5,3,0,0,상설,,가입,롯데컬처웍스(주)롯데시네마,2000-07-01,영업,직영,광주광역시 동구 대인동 7-1 번지,1544-8855,http://www.lottecinema.co.kr/
인천시,남구,15058,롯데시네마 인천터미널,4,538,0,4,4,0,0,상설,,가입,롯데컬처웍스(주)롯데시네마,2017-11-25,영업,직영,인천광역시 남구 관교동 15 번지 지하1층 롯데시네마,,
인천시,중구,15062,롯데시네마 영종하늘도시,3,270,0,3,0,0,0,상설,,가입,롯데컬처웍스(주)롯데시네마,2019-07-24,영업,위탁,인천광역시 중구 중산동 1883-12 번지 3층 롯데시네마 영종하늘도시,,www.lottecinema.co.kr
대구시,북구,12031,롯데시네마 프리미엄칠곡,6,484,0,6,3,0,0,상설,,가입,롯데컬처웍스(주)롯데시네마,2013-09-05,영업,위탁,"대구광역시 북구 구암동 769-1 번지 5층 일부, 6~9층",1544-8855,http://www.lottecinema.co.kr/
대구시,서구,12042,롯데시네마 대구광장,7,1300,0,7,2,0,0,상설,,가입,롯데컬처웍스(주)롯데시네마,2012-09-28,영업,직영,대구광역시 서구 내당동 463-62 번지 M프라자4층,1544-8855,http://www.lottecinema.co.kr/
대구시,중구,12030,롯데시네마 동성로_Charlotte관,1,36,0,1,1,0,0,상설,,가입,롯데컬처웍스(주)롯데시네마,2008-05-16,영업,직영,대구광역시 중구 동성로2가 66-1 번지 (동성로 2가),1544-8855,http://www.lottecinema.co.kr/
전라남도,여수시,9050,CGV 여수웅천,8,872,0,8,2,0,0,상설,,가입,CJ올리브네트웍스(주),2015-02-11,영업,직영,전라남도 여수시 웅천동 1720-3 번지 2층~8층,1544-1122,
부산시,기장군,11056,롯데시네마 동부산(아울렛),6,1014,0,6,2,0,0,상설,,가입,롯데컬처웍스(주)롯데시네마,2014-12-23,영업,직영,부산광역시 기장군 기장읍 당사리 64 번지 동부산 롯데몰 3층 롯데시네마 동부산,1544-8855,http://www.lottecinema.co.kr/
서울시,은평구,1239,롯데시네마 은평(롯데몰),8,1336,0,8,2,0,0,상설,,가입,롯데컬처웍스(주)롯데시네마,2016-12-01,영업,직영,"서울특별시 은평구 진관동 79-31, 롯데몰 5층",02-1544-8855,http://www.lottecinema.co.kr
부산시,동래구,11040,롯데시네마 동래,9,1581,0,9,6,0,0,상설,,가입,롯데컬처웍스(주)롯데시네마,2008-06-01,영업,직영,부산광역시 동래구 온천동 502-3 번지,1544-8855,http://www.lottecinema.co.kr/
전라북도,익산시,8021,CGV 익산,7,1123,0,9,4,0,0,상설,,가입,CJ올리브네트웍스(주),2004-05-15,영업,위탁,전라북도 익산시 영등동 149-1 번지 4층,1544-1122,http://www.cgv.co.kr/
전라북도,군산시,8230,CGV 군산,5,975,0,5,2,0,0,상설,,가입,CJ올리브네트웍스(주),2018-04-05,영업,위탁,전라북도 군산시 나운동 124-4 번지,,
경상북도,포항시,6071,인디플러스 포항,1,262,0,1,0,0,0,상설,,가입,(주)디트릭스,2017-02-22,영업,직영,경상북도 포항시 북구 덕산동 113-12 번지 포항시립중앙아트홀 2층,054-289-7921,
충청남도,보령시,5060,CGV 보령,5,763,0,5,1,0,0,상설,,가입,CJ올리브네트웍스(주),2018-01-05,영업,위탁,충청남도 보령시 대천동 324-4 번지 CGV 보령,041-935-0705,
강원도,평창군,3201,HAPPY700 평창시네마,2,99,0,2,1,0,0,상설,,가입,(주)디트릭스,2015-12-22,영업,직영,강원도 평창군 용평면 374-2 번지 해피웨딩홀,033-334-7053,http://happy700.scinema.org/
서울시,강동구,1096,롯데시네마 강동,10,1846,0,10,5,0,0,상설,,가입,롯데컬처웍스(주)롯데시네마,2008-04-24,영업,위탁,서울특별시 강동구 성내동 44-1 번지,1544-8855,http://www.lottecinema.co.kr/
서울시,송파구,1225,롯데시네마 월드타워_샤롯데,3,72,0,3,0,0,0,상설,,가입,롯데컬처웍스(주)롯데시네마,2014-10-15,영업,직영,"서울특별시 송파구 신천동 29 번지 신천동,엔터동롯데시네마(5~11F)",1544-8855,http://www.lottecinema.co.kr/
서울시,강남구,1071,롯데시네마 브로드웨이(신사),6,570,0,6,2,0,0,상설,,가입,롯데컬처웍스(주)롯데시네마,2013-04-05,영업,위탁,서울특별시 강남구 논현동 3-5 번지,1544-8855,http://www.bc5.co.kr
서울시,영등포구,1104,롯데시네마 영등포,7,1328,0,7,6,0,0,상설,,가입,롯데컬처웍스(주)롯데시네마,2005-04-29,영업,직영,서울특별시 영등포구 영등포동 618-496 번지 A동 7~9층,1544-8855,http://www.lottecinema.co.kr/
서울시,금천구,1226,롯데시네마 독산,8,1606,0,8,3,0,0,상설,,가입,롯데컬처웍스(주)롯데시네마,2014-11-07,영업,직영,서울특별시 금천구 독산동 291-5 번지,1544-8855,http://www.lottecinema.co.kr/
서울시,금천구,1202,롯데시네마 가산디지털,6,1054,0,6,3,1,0,상설,,가입,롯데컬처웍스(주)롯데시네마,2013-03-21,영업,직영,서울특별시 금천구 가산동 60-8 번지,1544-8855,http://www.lottecinema.co.kr/
서울시,강서구,1188,롯데시네마 김포공항,9,2095,0,9,6,1,0,상설,,가입,롯데컬처웍스(주)롯데시네마,2011-12-09,영업,직영,서울특별시 강서구 방화동 886 번지 외6필지,1544-8855,http://www.lottecinema.co.kr/
서울시,마포구,1195,롯데시네마 합정,4,733,0,4,2,0,0,상설,,가입,롯데컬처웍스(주)롯데시네마,2012-07-19,영업,직영,서울특별시 마포구 서교동 490 번지 메세나폴리스 2층 롯데시네마,1544-8855,http://www.lottecinema.co.kr/
서울시,마포구,1144,롯데시네마 홍대입구,6,1102,0,6,4,0,0,상설,,가입,롯데컬처웍스(주)롯데시네마,2008-01-01,영업,직영,서울특별시 마포구 동교동 166-14 번지,1544-8855,http://www.lottecinema.co.kr/
서울시,광진구,1122,롯데시네마 건대입구_샤롯데,1,32,0,1,1,0,0,상설,,가입,롯데컬처웍스(주)롯데시네마,2007-01-26,영업,직영,서울특별시 광진구 자양동 227-7 번지,1544-8855,http://www.lottecinema.co.kr/
충청북도,청주시,4043,CGV 청주율량,11,1535,0,11,3,0,0,상설,,가입,CJ올리브네트웍스(주),2018-11-28,영업,직영,충청북도 청주시 상당구 율량동 500-3 번지 그랜드 프라자 청주 3관 2층,,
경기도,용인시,2232,CGV 용인,8,671,0,8,3,0,0,상설,,가입,CJ올리브네트웍스(주),2017-12-21,영업,위탁,경기도 용인시 처인구 김량장동 301-3 번지 5~8층,031-337-3421,www.cgv.co.kr
경기도,오산시,2141,CGV 오산,6,363,0,6,2,0,0,상설,,가입,CJ올리브네트웍스(주),2007-07-11,영업,위탁,경기도 오산시 원동 763-21 번지 오산시네마타운 5층 사무실,1544-8855,http://
경기도,부천시,2057,CGV 부천,8,1326,0,8,4,1,0,상설,,가입,CJ올리브네트웍스(주),2003-08-19,영업,직영,경기도 부천시 중동 1164 번지 현대백화점 중동점 U-PLEX 5층,1544-1122,http://www.cgv.co.kr
세종시,연기군,17039,CGV 세종,7,1094,0,7,3,0,0,상설,,가입,CJ올리브네트웍스(주),2015-11-30,영업,직영,세종특별자치시 종촌동 673 번지 몰리브 7층,1544-1122,
대전시,동구,13027,CGV 대전가오,7,1163,0,7,3,0,0,상설,,가입,CJ올리브네트웍스(주),2013-03-07,영업,직영,대전광역시 동구 가오동 557 번지 4층,1544-1122,http://www.cgv.co.kr/
광주시,광산구,16046,CGV 광주하남,6,835,0,6,3,0,0,상설,,가입,CJ올리브네트웍스(주),2018-09-20,영업,직영,광주광역시 광산구 하남동 832 번지 테라스56 피크닉몰 2층,,
인천시,남동구,15039,CGV 인천논현,5,630,0,5,2,0,0,상설,,가입,CJ올리브네트웍스(주),2014-08-22,영업,위탁,인천광역시 남동구 논현동 646-2 번지 노현시네마타워 4층,1544-1122,http://www.cgv.co.kr
서울시,송파구,1156,CGV 송파,8,1401,0,8,5,1,0,상설,,가입,CJ올리브네트웍스(주),2009-04-29,영업,직영,서울특별시 송파구 문정동 634 번지 가든파이브 라이프 영관 10층,1544-1122,http://www.cgv.co.kr
강원도,홍천군,3197,홍천시네마,2,98,0,2,1,0,0,상설,,가입,(주)디트릭스,2014-04-08,영업,직영,강원도 홍천군 홍천읍 134-11 번지 홍천군문화센터 1층,033-433-7053,http://hongcheon.scinema.org/
서울시,은평구,1106,CGV 불광,9,1620,0,9,3,0,0,상설,,가입,CJ올리브네트웍스(주),2005-06-25,영업,위탁,서울특별시 은평구 대조동 240 번지 팜스퀘어 11층,1544-1122,http://www.cgv.co.kr/
울산시,동구,14003,현대예술관시네마,5,1822,2,5,0,0,0,상설,,가입,현대중공업(주),2008-06-13,영업,직영,울산광역시 동구 서부동 110-1 번지,052-209-7812,http://
경기도,시흥시,2265,CGV 정왕,5,448,0,5,0,0,0,상설,,가입,CJ올리브네트웍스(주),2020-07-08,영업,위탁,경기도 시흥시 정왕동 1734-2 번지 시화이마트 10층 CGV 정왕,031-434-1230,
강원도,정선군,3214,고한 시네마,2,113,0,2,1,0,0,상설,,가입,(주)디트릭스,2019-06-26,영업,직영,강원도 정선군 고한읍 63-54 번지 고한작은영화관,033-592-7053,http://gohan.scinema.org/
강원도,정선군,3207,아리아리 정선시네마,2,101,0,2,1,0,0,상설,,가입,(주)디트릭스,2017-05-19,영업,직영,강원도 정선군 정선읍 144-9 번지 아리아리 정선시네마,033-563-5703,http://jeongseon.scinema.org/
전라북도,전주시,8042,전주디지털독립영화관,1,98,1,1,0,0,0,상설,,가입,(주)디트릭스,2009-05-19,영업,직영,전라북도 전주시 완산구 고사동 429-5 번지 전주영화제작소 4층,063-231-3377,http://jeonjucinecomplex.kr
충청남도,청양군,5061,청양 시네마,2,98,0,2,1,0,0,상설,,가입,(주)디트릭스,2018-02-08,영업,직영,충청남도 청양군 청양읍 191-5 번지 청양군문화체육센타,041-942-7053,http://cheongyang.scinema.org/
강원도,화천군,3199,화천 작은영화관,3,322,0,3,1,0,0,상설,,가입,(주)디트릭스,2014-12-20,영업,직영,강원도 화천군 화천읍 1-5 번지 2층,033-441-7053,http://ihc.scinema.org/
경상남도,거창군,7069,롯데시네마 거창,2,410,0,2,0,0,0,상설,,가입,롯데컬처웍스(주)롯데시네마,2015-07-24,영업,위탁,경상남도 거창군 거창읍 90-2 번지 (고센시티8층),010-6898-0806,http://www.megabox.co.kr
경상북도,구미시,6076,씨네큐 구미봉곡,5,502,0,5,1,0,0,상설,,가입,(주)씨네큐,2017-12-07,영업,직영,경상북도 구미시 봉곡동 36 번지 4층,1544-1533,www.cineq.co.kr
경상북도,경주시,6073,씨네큐 경주보문,6,767,0,6,2,0,0,상설,,가입,(주)씨네큐,2017-08-24,영업,직영,경상북도 경주시 신평동 150-10 번지 2-4층,1544-1533,www.cineq.co.kr
경기도,수원시,2264,롯데시네마 북수원,5,640,0,5,1,0,0,상설,,가입,롯데컬처웍스(주)롯데시네마,2020-06-18,영업,직영,경기도 수원시 장안구 천천동 516 번지 3층 롯데시네마,,
제주도,제주시,10019,한림 작은영화관,2,98,0,2,0,0,0,상설,,가입,(주)디트릭스,,영업,직영,제주특별자치도 제주시 한림읍 887-2 번지 한림작은영화관 1층,,
경기도,양평군,2189,양평시네마,1,152,0,1,0,0,0,상설,,가입,인터파크(주),1994-10-29,영업,직영,경기도 양평군 양평읍 양근리 422-2 번지,031-771-2154,
경상남도,창원시 마산회원구,7056,롯데시네마 마산(합성동),7,590,0,7,1,0,0,상설,,가입,롯데컬처웍스(주)롯데시네마,2010-12-15,영업,위탁,경상남도 창원시 마산회원구 합성2동 267 번지,1544-8855,http://www.lottecinema.co.kr/
전라남도,여수시,9060,메가박스 여수웅천,8,1138,0,8,1,0,0,상설,,가입,메가박스(주),2017-12-20,영업,위탁,전라남도 여수시 웅천동 1720-1 번지,02-1544-0070,http://www.megabox.co.kr/
경기도,부천시,2258,CGV 부천옥길,6,634,0,6,1,0,0,상설,,가입,CJ올리브네트웍스(주),2020-03-11,영업,위탁,경기도 부천시 소사구 옥길동 745-6 번지 문영퀸즈파크옥길C동 8층 806호 CGV부천옥길,02-1544-1122,http://www.cgv.co.kr
광주시,북구,16020,메가박스 전대(광주),7,958,0,7,2,0,0,상설,,가입,메가박스(주),2007-07-01,영업,위탁,광주광역시 북구 중흥동 362-2 번지,1544-0070,http://www.megabox.co.kr/
경기도,성남시,2112,CGV 성남모란,6,714,0,6,0,0,0,상설,,가입,CJ올리브네트웍스(주),2005-12-29,영업,위탁,경기도 성남시 중원구 성남동 3499 번지 뉴코아아울렛 9~10층,,
세종시,연기군,5038,메가박스 세종(조치원),5,749,0,5,2,0,0,상설,,가입,메가박스(주),2011-03-09,영업,위탁,충청남도 연기군 조치원읍 교리 24-1 번지,1544-0070,http://www.megabox.co.kr/
경기도,부천시,2186,한국만화영상진흥원,1,386,1,1,1,0,0,상설,,가입,인터파크(주),2009-08-13,영업,직영,경기도 부천시 원미구 상동 529-2 번지 한국만화영상진흥원,032-310-3045,http://www.komacon.kr
충청북도,충주시,4047,롯데시네마 충주,5,746,0,5,1,0,0,상설,,가입,롯데컬처웍스(주)롯데시네마,2019-09-19,영업,위탁,,,
부산시,기장군,11063,CGV 정관,9,654,0,9,1,0,0,상설,,가입,CJ올리브네트웍스(주),2017-12-21,영업,위탁,부산광역시 기장군 정관읍 717-6 번지 조은플러스 10층 CGV,051-717-3850,
경기도,화성시,2250,CGV 화성봉담,4,379,0,4,0,0,0,상설,,가입,CJ올리브네트웍스(주),2019-08-14,영업,위탁,경기도 화성시 봉담읍 564 번지 2층 221호(프리미엄원희캐슬봉담 ),,
경기도,안산시,2087,메가박스 안산중앙,6,631,0,6,0,0,0,상설,,가입,메가박스(주),2010-06-08,영업,위탁,"경기도 안산시 단원구 고잔동 535-1 번지 9층, 10층",1544-1122,http://www.meganex6.co.kr/
충청북도,충주시,4040,씨네큐 충주연수,8,1191,0,8,2,0,0,상설,,가입,(주)씨네큐,2018-06-15,영업,위탁,"충청북도 충주시 연수동 1325 번지, 3층",070-5221-1354,
대구시,달성군,12055,롯데시네마 대구현풍,6,734,0,6,0,0,0,상설,,가입,롯데컬처웍스(주)롯데시네마,2019-06-12,영업,위탁,대구광역시 달성군 현풍면 중리 490 번지 4층 롯데시네마,,
충청북도,옥천군,4041,옥천 향수시네마,2,95,0,2,1,0,0,상설,,가입,(주)디트릭스,2018-08-02,영업,직영,,,http://oc.scinema.org/
인천시,부평구,15019,CGV 부평,10,1552,0,10,2,0,0,상설,,가입,CJ올리브네트웍스(주),2004-06-19,영업,위탁,인천광역시 부평구 청천동 386 번지 아이즈빌 3층 영화관사무실,1544-1122,http://www.cgv.co.kr/
강원도,원주시,3031,메가박스 원주,8,797,0,8,3,0,0,상설,,가입,메가박스(주),2007-11-15,영업,위탁,강원도 원주시 단계동 873 번지,1544-0070,http://www.megabox.co.kr/
서울시,서초구,1101,메가박스 강남,7,973,0,7,2,0,0,상설,,가입,메가박스(주),2011-08-05,영업,직영,서울특별시 서초구 서초동 1317-20 번지 아라타워 8층,1544-0070,http://www.megabox.co.kr/
서울시,마포구,1222,CGV 홍대,6,936,0,6,3,0,0,상설,,가입,CJ올리브네트웍스(주),2014-10-02,영업,직영,서울특별시 마포구 동교동 159-8 번지 동교동,1544-1122,http://www.cgv.co.kr/
대전시,서구,13030,CGV 대전탄방,6,970,0,6,3,0,0,상설,,가입,CJ올리브네트웍스(주),2016-05-26,영업,직영,대전광역시 서구 탄방동 744 번지 세이탄방점 7층,,
서울시,종로구,1083,씨네큐브광화문(서울),2,365,2,2,0,0,0,상설,,가입,(주)디트릭스,2010-12-02,영업,위탁,서울특별시 종로구 신문로1가 226 번지 흥국생명빌딩 지하 2층,02-2002-7770,http://www.icinecube.com/
충청북도,음성군,4046,CGV 충북혁신,5,799,0,5,1,0,0,상설,,가입,CJ올리브네트웍스(주),2019-04-19,영업,위탁,충청북도 음성군 맹동면 500 번지 동성리,070-4252-9830,
경기도,용인시,2237,CGV 광교상현,4,406,0,4,1,0,0,상설,,가입,CJ올리브네트웍스(주),2018-08-21,영업,위탁,,,
서울시,동작구,1197,아트나인,2,150,0,2,1,0,0,상설,,가입,메가박스(주),2013-01-09,영업,위탁,서울특별시 동작구 사당동 147-53 번지 골든시네마 12층,070-7017-4526,http://www.megabox.co.kr/
전라북도,익산시,8052,롯데시네마 익산모현,7,1243,0,7,1,0,0,상설,,가입,롯데컬처웍스(주)롯데시네마,2019-02-28,영업,위탁,전라북도 익산시 모현동1가 876 번지 4층 롯데시네마 익산모현,,
경기도,부천시,2212,롯데시네마 부천역,9,806,0,9,3,0,0,상설,,가입,롯데컬처웍스(주)롯데시네마,2013-02-28,영업,위탁,경기도 부천시 원미구 심곡동 175-6 번지,1544-8855,http://www.lottecinema.co.kr/
충청남도,당진군,5046,CGV 당진,7,1075,0,7,2,0,0,상설,,가입,CJ올리브네트웍스(주),2014-12-01,영업,위탁,충청남도 당진시 읍내동 1532 번지 읍내동,1544-1122,
전라남도,순천시,9020,CGV 순천,8,1188,0,8,4,0,0,상설,,가입,CJ올리브네트웍스(주),2010-10-21,영업,직영,전라남도 순천시 장천동 54-1 번지,1544-1122,http://www.cgv.co.kr
전라남도,목포시,9064,CGV 목포평화광장,8,1300,0,8,2,0,0,상설,,가입,CJ올리브네트웍스(주),2018-07-27,영업,직영,전라남도 목포시 상동 1129-6 번지 CGV 목포평화광장,,www.cgv.co.kr
서울시,광진구,1251,CGV 건대입구,5,754,0,5,2,0,0,상설,,가입,CJ올리브네트웍스(주),2018-01-30,영업,직영,,,
대전시,유성구,13029,CGV 유성노은,5,968,0,5,2,0,0,상설,,가입,CJ올리브네트웍스(주),2014-11-05,영업,위탁,대전광역시 유성구 지족동 905-4 번지 지족동 노은타운 7층,1544-1122,
광주시,북구,16038,CGV 광주용봉,10,1465,0,10,2,0,0,상설,,가입,CJ올리브네트웍스(주),2013-09-16,영업,직영,광주광역시 북구 용봉동 17-1 번지 굿모닝타운 4층,1544-1122,http://www.cgv.co.kr
경상남도,창원시 마산회원구,7032,CGV 마산,7,1178,0,7,4,0,0,상설,,가입,CJ올리브네트웍스(주),2005-03-12,영업,직영,경상남도 창원시 마산회원구 합성동 126-4 번지 보보스존 12층(구 엠파크8),1544-1122,http://www.cgv.co.kr
경기도,평택시,2200,CGV 평택소사,6,750,0,6,3,0,0,상설,,가입,CJ올리브네트웍스(주),2017-02-22,영업,직영,경기도 평택시 비전동 1090-2 번지 로이드빌딩 5층 CGV평택소사,,
경기도,성남시,2047,CGV 서현,4,455,0,4,2,0,0,상설,,가입,CJ올리브네트웍스(주),2014-08-14,영업,직영,경기도 성남시 분당구 서현동 256 번지 서현동 비전월드빌딩,1544-1122,
경기도,군포시,2183,CGV 산본,6,695,0,6,1,0,0,상설,,가입,CJ올리브네트웍스(주),2016-12-21,영업,위탁,경기도 군포시 산본동 1142-2 번지 외1 산본대우비디오플러스 401,1544-8855,http://www.lottecinema.co.kr/
경기도,구리시,2220,CGV 구리,7,1165,0,7,3,0,0,상설,,가입,CJ올리브네트웍스(주),2016-07-28,영업,직영,"경기도 구리시 인창동 676-2 번지 2-7층 (인창동, 구리맥스)",,
충청남도,당진군,5047,조이앤시네마 당진,1,106,0,1,0,0,0,상설,,가입,인터파크(주),2015-01-01,영업,직영,충청남도 당진시 읍내동 251-4 번지,041-356-8300,
충청남도,당진군,5052,당진아트시네마,1,153,0,1,0,0,0,상설,,가입,인터파크(주),2016-09-08,영업,직영,충청남도 당진시 읍내동 251-4 번지 3층 (읍내동),041-356-8300,
광주시,동구,16044,광주독립영화관,1,105,0,1,0,0,0,상설,,가입,(주)디트릭스,2018-04-11,영업,직영,광주광역시 동구 서석동 47-1 번지 서석동,062-222-1895,
경상남도,창원시 마산합포구,7072,씨네아트 리좀,1,51,0,1,0,0,0,상설,,가입,(주)디트릭스,2015-12-11,영업,직영,경상남도 창원시 마산합포구 동성동 268 번지,070-8802-6438,cafe.naver.com/cineart
충청북도,청원군,4014,메가박스 오창,8,1013,0,8,2,0,0,상설,,가입,메가박스(주),2017-12-14,영업,위탁,충청북도 청원군 오창읍 양청리 820-1 번지 메가시티 4층 메가박스 오창,02-1544-0070,http://www.megabox.co.kr/
인천시,중구,15061,메가박스 영종,6,677,0,6,0,0,0,상설,,가입,메가박스(주),2018-10-18,영업,위탁,인천광역시 중구 운서동 3088-3 번지 예스타워 영종 7~9층,02-1544-0070,http://www.megabox.co.kr/
서울시,도봉구,1243,메가박스창동,5,680,0,5,0,0,0,상설,,가입,메가박스(주),2017-01-20,영업,위탁,서울특별시 도봉구 창동 715-14 번지,02-1544-0070,http://www.megabox.co.kr/
서울시,강서구,1246,메가박스 마곡,6,815,0,6,0,0,0,상설,,가입,메가박스(주),2017-09-25,영업,직영,서울특별시 강서구 마곡동 797-1 번지 퀸즈파크나인 B동 4층 메가박스 마곡지점,02-1544-0070,
부산시,기장군,11062,메가박스 정관,6,578,0,6,1,0,0,상설,,가입,메가박스(주),2017-12-07,영업,위탁,부산광역시 기장군 정관읍 777-1 번지 5층,02-1544-0070,http://www.megabox.co.kr/
경상북도,포항시,6075,메가박스 남포항,6,663,0,6,1,0,0,상설,,가입,메가박스(주),2017-09-26,영업,직영,경상북도 포항시 남구 오천읍 1134 번지,02-1544-0070,http://www.megabox.co.kr/
경기도,남양주시,2054,메가박스 별내,6,454,0,6,0,0,0,상설,,가입,메가박스(주),2014-12-23,영업,위탁,"경기도 남양주시 별내동 936-4 번지 (별내동,황산빌딩)",1544-0070,http://www.megabox.co.kr/
서울시,강서구,1228,메가박스 화곡,5,851,0,5,0,0,0,상설,,가입,메가박스(주),2015-05-29,영업,직영,"서울특별시 강서구 화곡동 1073-10 번지 401,501호(화곡동)",1544-0070,www.megabox.co.kr
경상북도,구미시,6064,메가박스 구미강동,6,976,0,6,2,0,0,상설,,가입,메가박스(주),2012-12-22,영업,직영,경상북도 구미시 진평동 1023-2 번지,1544-0070,http://www.megabox.co.kr/
경기도,화성시,2224,롯데시네마 향남,5,680,0,5,1,0,0,상설,,가입,롯데컬처웍스(주)롯데시네마,2016-09-26,영업,직영,경기도 화성시 향남읍 하길리 1410-1 번지 701호,02-1544-8855,http://www.lottecinema.co.kr
경기도,파주시,2225,롯데시네마 파주운정,7,1238,0,7,2,0,0,상설,,가입,롯데컬처웍스(주)롯데시네마,2016-12-22,영업,직영,경기도 파주시 목동동 17 번지,02-3470-3499,www.lottecinema.co.kr
서울시,동대문구,1164,롯데시네마 청량리,8,1737,0,8,4,1,0,상설,,가입,롯데컬처웍스(주)롯데시네마,2010-08-20,영업,직영,서울특별시 동대문구 전농동 591-53 번지,1544-8855,www.lottecinema.co.kr
경상남도,창원시 성산구,7012,롯데시네마 창원,7,1319,0,7,6,0,0,상설,,가입,롯데컬처웍스(주)롯데시네마,2002-02-28,영업,직영,경상남도 창원시 성산구 상남동 79 번지,1544-8855,http://www.lottecinema.co.kr/
경상남도,창원시 진해구,7062,롯데시네마 진해,6,952,0,6,2,0,0,상설,,가입,롯데컬처웍스(주)롯데시네마,2012-12-21,영업,직영,경상남도 창원시 진해구 석동 543-3 번지,1544-8855,http://www.lottecinema.co.kr/
경상남도,진주시,7075,롯데시네마 진주혁신,7,1268,0,7,2,0,0,상설,,가입,롯데컬처웍스(주)롯데시네마,2016-09-08,영업,직영,경상남도 진주시 충무공동 35 번지 진주롯데몰,02-1544-8855,http://www.lottecinema.co.kr
경기도,남양주시,2184,롯데시네마 진접,3,328,0,3,2,0,0,상설,,가입,롯데컬처웍스(주)롯데시네마,2010-12-23,영업,직영,경기도 남양주시 진접읍 1081-2 번지,1544-8855,http://www.lottecinema.co.kr
전라북도,전주시,8034,롯데시네마 전주평화,6,1040,0,6,3,0,0,상설,,가입,롯데컬처웍스(주)롯데시네마,2012-09-27,영업,직영,전라북도 전주시 완산구 평화동1가 604-1 번지,1544-8855,http://www.lottecinema.co.kr/
인천시,서구,15054,롯데시네마 인천아시아드,6,1155,0,6,2,0,0,상설,,가입,롯데컬처웍스(주)롯데시네마,2016-12-23,영업,직영,인천광역시 서구 연희동 378 번지,02-1544-8855,www.lottecinema.co.kr
서울시,광진구,1268,메가박스 군자,9,1127,0,9,0,0,0,상설,,가입,메가박스(주),2018-09-01,영업,위탁,서울특별시 광진구 군자동 477-12 번지,02-482-8746,
경기도,의정부시,2221,롯데시네마 의정부민락,7,902,0,7,2,0,0,상설,,가입,롯데컬처웍스(주)롯데시네마,2016-08-19,영업,직영,"경기도 의정부시 민락동 804-6 번지 해동타워 8,9층",02-1544-8855,http://www.lottecinema.co.kr
울산시,중구,14014,롯데시네마 울산성남,7,1123,0,7,2,0,0,상설,,가입,롯데컬처웍스(주)롯데시네마,2014-03-20,영업,직영,울산광역시 중구 성남동 256-24 번지,1544-8855,www.lottecinema.co.kr
경기도,안양시,2217,롯데시네마 안양일번가,8,858,0,8,2,0,0,상설,,가입,롯데컬처웍스(주)롯데시네마,2016-05-03,영업,직영,경기도 안양시 만안구 안양동 676-1 번지 9~13층,02-1544-8855,http://www.lottecinema.co.kr
충청남도,아산시,5045,롯데시네마 아산터미널,6,1020,0,6,2,0,0,상설,,가입,롯데컬처웍스(주)롯데시네마,2014-01-24,영업,직영,충청남도 아산시 모종동 555-5 번지 아산터미널영화관 9~10층,1544-8855,www.lottecinema.co.kr
경기도,안산시,2124,롯데시네마 센트럴락(안산),9,1429,0,9,2,0,0,상설,,가입,롯데컬처웍스(주)롯데시네마,2007-02-01,영업,직영,경기도 안산시 단원구 고잔동 539-2 번지 7~10층,1544-8855,http://www.lottecinema.co.kr/
대구시,달서구,12014,롯데시네마 성서,9,1644,0,9,6,0,0,상설,,가입,롯데컬처웍스(주)롯데시네마,2006-01-19,영업,직영,대구광역시 달서구 이곡동 1244-1 번지,1544-8855,http://www.lottecinema.co.kr/
강원도,동해시,3042,롯데시네마 동해,5,719,0,5,2,0,0,상설,,가입,롯데컬처웍스(주)롯데시네마,2009-02-22,영업,직영,강원도 동해시 천곡동 864 번지,1544-8855,http://www.lottecinema.co.kr/
대구시,중구,12029,롯데시네마 동성로,8,1376,0,8,4,0,0,상설,,가입,롯데컬처웍스(주)롯데시네마,2008-05-16,영업,직영,대구광역시 중구 동성로2가 66-1 번지 더락 4층,1544-8855,http://www.lottecinema.co.kr/
경기도,용인시,2238,롯데시네마 용인기흥,7,1091,0,7,2,0,0,상설,,가입,롯데컬처웍스(주)롯데시네마,2018-09-12,영업,직영,경기도 용인시 기흥구 구갈동 234 번지,,
경상남도,김해시,7065,롯데시네마 김해아울렛,6,1023,0,6,3,0,0,상설,,가입,롯데컬처웍스(주)롯데시네마,2013-06-28,영업,직영,경상남도 김해시 신문동 1414 번지 롯데아울렛 신관 4층,1544-8855,http://www.lottecinema.co.kr
전라북도,군산시,8232,롯데시네마 군산몰,7,1014,0,7,2,0,0,상설,,가입,롯데컬처웍스(주)롯데시네마,2018-04-27,영업,직영,전라북도 군산시 조촌동 450-21 번지,02-1544-8855,www.lottecinema.co.kr
전라북도,군산시,8041,롯데시네마 군산나운,7,1085,0,7,0,0,0,상설,,가입,롯데컬처웍스(주)롯데시네마,2017-11-01,영업,직영,전라북도 군산시 나운동 114-34 번지 롯데시네마,,
경기도,구리시,2055,롯데시네마 구리아울렛,7,1115,0,7,3,0,0,상설,,가입,롯데컬처웍스(주)롯데시네마,2014-12-24,영업,직영,경기도 구리시 인창동 419-7 번지 6~8층 롯데시네마,1544-8855,
경기도,광주시,2208,롯데시네마 광주터미널,3,231,0,3,2,0,0,상설,,가입,롯데컬처웍스(주)롯데시네마,2012-07-27,영업,직영,경기도 광주시 경안동 25-3 번지 광주버스터미널2층,1544-8855,http://www.lottecinema.co.kr/
경기도,수원시,2085,롯데시네마 광교아울렛,6,889,0,6,0,0,0,상설,,가입,롯데컬처웍스(주)롯데시네마,2015-09-04,영업,직영,"경기도 수원시 영통구 이의동 1338 번지 롯데아울렛 광교점 4,5층",,
서울시,강동구,1258,메가박스강동,10,1352,0,10,0,0,0,상설,,가입,메가박스(주),2018-05-01,영업,위탁,서울특별시 강동구 성내동 549-1 번지,02-482-8746,
경기도,안성시,2236,CGV 안성,8,1001,0,8,2,0,0,상설,,가입,CJ올리브네트웍스(주),2018-05-28,영업,위탁,경기도 안성시 석정동 139-1 번지 CGV안성,031-677-3790,
서울시,강서구,1189,롯데시네마 김포공항_샤롯데,1,32,0,1,1,0,0,상설,,가입,롯데컬처웍스(주)롯데시네마,2011-12-01,영업,직영,서울특별시 강서구 방화동 886 번지,1544-8855,http://www.lottecinema.co.kr/
대구시,중구,12047,대구독립영화전용관 오오극장,1,55,0,1,0,0,0,상설,,가입,(주)디트릭스,2015-02-05,영업,직영,대구광역시 중구 수동 1-6 번지 1층,053-425-3553,
제주도,서귀포시,10010,롯데시네마 서귀포,6,649,0,7,2,0,0,상설,,가입,롯데컬처웍스(주)롯데시네마,2005-12-28,영업,위탁,제주특별자치도 서귀포시 법환동 914 번지 월드컵경기장내,1544-8855,http://www.lottecinema.co.kr/
경기도,광주시,2231,CGV 경기광주,8,1202,0,8,2,0,0,상설,,가입,CJ올리브네트웍스(주),2017-09-30,영업,위탁,경기도 광주시 역동 16-1 번지,,
경기도,화성시,2227,화성시문화재단 모두누림센터 누림아트홀,1,286,0,1,1,0,0,상설,,가입,인터파크(주),2017-03-15,영업,직영,경기도 화성시 반송동 108 번지 동탄복합문화센터 (반송동),031-357-5254,http://www.hcf.or.kr/
전라북도,전주시,8022,메가박스 송천,8,1180,0,8,6,0,0,상설,,가입,메가박스(주),2004-09-24,영업,위탁,전라북도 전주시 덕진구 송천동2가 661-15 번지 메가월드 A동 3층,1544-0070,http://www.megabox.co.kr/
대구시,중구,12013,동성아트홀,1,126,1,1,0,0,0,상설,,가입,(주)디트릭스,1992-10-01,영업,직영,대구 중구 동성로1가 22-1,053-425-2845,http://
충청남도,공주시,5021,메가박스 공주,7,802,0,7,3,0,0,상설,,가입,메가박스(주),2009-07-01,영업,위탁,충청남도 공주시 신관동 248-11 번지,1544-0070,http://www.megabox.co.kr/
대구시,수성구,12044,CGV 대구수성,4,804,0,4,2,0,0,상설,,가입,CJ올리브네트웍스(주),2013-05-23,영업,직영,대구광역시 수성구 범물동 1273 번지,1544-1122,
경기도,고양시,2209,CGV 화정,8,886,0,8,3,0,0,상설,,가입,CJ올리브네트웍스(주),2012-09-13,영업,위탁,경기도 고양시 덕양구 화정동 966-1 번지 시네마플러스 401호,1544-1122,http://www.cgv.co.kr/
경기도,파주시,2046,CGV 파주문산,3,341,0,3,2,0,0,상설,,가입,CJ올리브네트웍스(주),2014-07-23,영업,직영,경기도 파주시 문산읍 892 번지 (3층),1544-1122,
경기도,김포시,2048,CGV 김포운양,4,424,0,4,2,0,0,상설,,가입,CJ올리브네트웍스(주),2014-10-31,영업,직영,경기도 김포시 운양동 1296-9 번지,1544-1122,
